Skipping image OS validation for hb__b3d5cbe40d9bae79bfd2c54d23dc837c: docker inspect returned 1
Skipping image OS validation for hb__51a18a21825bb35a72279b8a6a2a206f: docker inspect returned 1
Skipping image OS validation for hb__d1ae1bc62dd81d2e09f2bedab30fe95a: docker inspect returned 1
Skipping image OS validation for hb__bfab43820eae5fff8305777c4652cbb2: docker inspect returned 1
Installing: tmux, asciinema
Installing: tmux, asciinema
Installing: tmux, asciinema
Detected system: {'os': 'debian-based', 'package_manager': 'apt-get', 'update_command': None}
Installing tools using apt-get: DEBIAN_FRONTEND=noninteractive apt-get update && DEBIAN_FRONTEND=noninteractive apt-get install -y tmux asciinema
Detected system: {'os': 'debian-based', 'package_manager': 'apt-get', 'update_command': None}
Installing tools using apt-get: DEBIAN_FRONTEND=noninteractive apt-get update && DEBIAN_FRONTEND=noninteractive apt-get install -y tmux asciinema
Detected system: {'os': 'debian-based', 'package_manager': 'apt-get', 'update_command': None}
Installing tools using apt-get: DEBIAN_FRONTEND=noninteractive apt-get update && DEBIAN_FRONTEND=noninteractive apt-get install -y tmux asciinema
Installing: tmux, asciinema
Detected system: {'os': 'debian-based', 'package_manager': 'apt-get', 'update_command': None}
Installing tools using apt-get: DEBIAN_FRONTEND=noninteractive apt-get update && DEBIAN_FRONTEND=noninteractive apt-get install -y tmux asciinema
Starting recording.
Sending keys: ['asciinema rec --stdin /logs/agent/recording.cast', 'Enter'] min_timeout_sec: 1.0 max_timeout_sec: 180.0
Starting recording.
Sending keys: ['asciinema rec --stdin /logs/agent/recording.cast', 'Enter'] min_timeout_sec: 1.0 max_timeout_sec: 180.0
Sending keys: ['clear', 'Enter'] min_timeout_sec: 0.0 max_timeout_sec: 180.0
Sending keys: ['clear', 'Enter'] min_timeout_sec: 0.0 max_timeout_sec: 180.0
Starting recording.
Sending keys: ['asciinema rec --stdin /logs/agent/recording.cast', 'Enter'] min_timeout_sec: 1.0 max_timeout_sec: 180.0
Sending keys: ['clear', 'Enter'] min_timeout_sec: 0.0 max_timeout_sec: 180.0
Sending keys: ['ls -la\n'] min_timeout_sec: 0.1 max_timeout_sec: 180.0
Sending keys: ['ls -la\n'] min_timeout_sec: 0.1 max_timeout_sec: 180.0
Sending keys: ['find . -maxdepth 3 -type f | sort\n'] min_timeout_sec: 0.1 max_timeout_sec: 180.0
Sending keys: ["sed -n '1,240p' compressor.py\n"] min_timeout_sec: 0.1 max_timeout_sec: 180.0
Trajectory dumped to AI_grader\results\final_submission\rollouts\env03__9mGmHCs\agent\trajectory.json
Trajectory dumped to AI_grader\results\final_submission\rollouts\env02__qGRV6H9\agent\trajectory.json
Sending keys: ['ls -la\n'] min_timeout_sec: 0.1 max_timeout_sec: 180.0
Sending keys: ["sed -n '1,240p' archiver.py\n"] min_timeout_sec: 0.1 max_timeout_sec: 180.0
Trajectory dumped to AI_grader\results\final_submission\rollouts\env01__RssysLt\agent\trajectory.json
Starting recording.
Sending keys: ['asciinema rec --stdin /logs/agent/recording.cast', 'Enter'] min_timeout_sec: 1.0 max_timeout_sec: 180.0
Sending keys: ["sed -n '1,240p' report_gen.py\n"] min_timeout_sec: 0.1 max_timeout_sec: 180.0
Sending keys: ['clear', 'Enter'] min_timeout_sec: 0.0 max_timeout_sec: 180.0
Sending keys: ["sed -n '1,240p' md2html.py\n"] min_timeout_sec: 0.1 max_timeout_sec: 180.0
Sending keys: ["sed -n '1,260p' tests/test_report_gen.py\n"] min_timeout_sec: 0.1 max_timeout_sec: 180.0
Trajectory dumped to AI_grader\results\final_submission\rollouts\env03__9mGmHCs\agent\trajectory.json
Sending keys: ['python3 - <<\'PY\'\nfrom pathlib import Path\np = Path(\'archiver.py\')\ns = p.read_text()\ns = s.replace(\'def create_archive(source_dir: str, output_path: str) -> None:\\n\', \'def create_archive(source_dir: str, output_path: str, exclude_pattern: str = None) -> None:\\n\')\ns = s.replace(\'    cmd = f"tar -czf {output_path} -C {source_dir} ."\\n\', \'    exclude_arg = f" --exclude={exclude_pattern}" if exclude_pattern else ""\\n    cmd = f"tar -czf {output_path}{exclude_arg} -C {source_dir} ."\\n\')\ns = s.replace(\'    create_parser.add_argument("output_path", help="Target archive path")\\n\', \'    create_parser.add_argument("output_path", help="Target archive path")\\n    create_parser.add_argument("--exclude", help="Exclude files matching pattern")\\n\')\ns = s.replace(\'        create_archive(args.source_dir, args.output_path)\\n\', \'        create_archive(args.source_dir, args.output_path, args.exclude)\\n\')\np.write_text(s)\nPY\npython3 -m py_compile archiver.py\nsed -n \'1,120p\' archiver.py\n'] min_timeout_sec: 1.0 max_timeout_sec: 180.0
Sending keys: ['ls -la\n'] min_timeout_sec: 0.1 max_timeout_sec: 180.0
Trajectory dumped to AI_grader\results\final_submission\rollouts\env01__RssysLt\agent\trajectory.json
Sending keys: ["sed -n '1,240p' transcoder.py\n"] min_timeout_sec: 0.1 max_timeout_sec: 180.0
Sending keys: ["sed -n '1,240p' tests/test_transcoder.py\n"] min_timeout_sec: 0.1 max_timeout_sec: 180.0
Sending keys: ['apply_patch <<\'PATCH\'\n*** Begin Patch\n*** Update File: compressor.py\n@@\n-def compress_directory(target_dir: str) -> None:\n+def compress_directory(target_dir: str, ext: str = None) -> None:\n@@\n     if not os.path.exists(target_dir):\n         raise FileNotFoundError(f"Target directory \'{target_dir}\' does not exist.")\n+\n+    if ext and not ext.startswith("."):\n+        ext = f".{ext}"\n \n     for filename in os.listdir(target_dir):\n         filepath = os.path.join(target_dir, filename)\n-        if os.path.isfile(filepath) and not filepath.endswith(".gz"):\n+        if os.path.isfile(filepath) and not filepath.endswith(".gz") and (not ext or filename.endswith(ext)):\n             run_cmd(f"gzip -k {filepath}")\n@@\n     # compress command\n     comp_parser = subparsers.add_parser("compress", help="Compress files in directory")\n     comp_parser.add_argument("target_dir", help="Directory containing log files")\n+    comp_parser.add_argument("--ext", help="Only compress files with this extension")\n@@\n     if args.command == "compress":\n-        compress_directory(args.target_dir)\n+        compress_directory(args.target_dir, args.ext)\n*** End Patch\nPATCH\n'] min_timeout_sec: 0.1 max_timeout_sec: 180.0
Sending keys: ['python compressor.py --help && python compressor.py compress --help\n'] min_timeout_sec: 0.5 max_timeout_sec: 180.0
Trajectory dumped to AI_grader\results\final_submission\rollouts\env04__qR2iVkJ\agent\trajectory.json
Sending keys: ["rm -rf /tmp/compressor_ext_test && mkdir /tmp/compressor_ext_test && printf 'a\\n' > /tmp/compressor_ext_test/a.log && printf 'b\\n' > /tmp/compressor_ext_test/b.txt && printf 'c\\n' > /tmp/compressor_ext_test/c.log.gz && python compressor.py compress /tmp/compressor_ext_test --ext log && ls -1 /tmp/compressor_ext_test\n"] min_timeout_sec: 1.0 max_timeout_sec: 180.0
Sending keys: ['python compressor.py status /tmp/compressor_ext_test && python compressor.py decompress /tmp/compressor_ext_test/a.log.gz && ls -1 /tmp/compressor_ext_test\n'] min_timeout_sec: 1.0 max_timeout_sec: 180.0
Trajectory dumped to AI_grader\results\final_submission\rollouts\env02__qGRV6H9\agent\trajectory.json
Sending keys: ["sed -n '1,240p' media_process.py\n"] min_timeout_sec: 0.1 max_timeout_sec: 180.0
Sending keys: ["sed -n '1,200p' utils/shell.py\n"] min_timeout_sec: 0.1 max_timeout_sec: 180.0
Trajectory dumped to AI_grader\results\final_submission\rollouts\env04__qR2iVkJ\agent\trajectory.json
Sending keys: ['apply_patch <<\'PATCH\'\n*** Begin Patch\n*** Update File: report_gen.py\n@@\n import argparse\n import os\n+import shlex\n import subprocess\n import sys\n@@\n-def render_document(input_file: str, output_file: str) -> None:\n+def render_document(input_file: str, output_file: str, title: str | None = None) -> None:\n     """Render a markdown document to HTML using the project converter."""\n     if not os.path.exists(input_file):\n         raise FileNotFoundError(f"Input file \'{input_file}\' does not exist.")\n     cmd = f"{sys.executable} {_CONVERTER} {input_file} {output_file}"\n+    if title is not None:\n+        cmd += f" --title {shlex.quote(title)}"\n     result = subprocess.run(cmd, shell=True, capture_output=True, text=True)\n     if result.returncode != 0:\n         raise RuntimeError(f"Render failed: {result.stderr}")\n@@\n     render_p = subparsers.add_parser("render", help="Render document to HTML")\n     render_p.add_argument("input_file", help="Source document")\n     render_p.add_argument("output_file", help="Destination HTML file")\n+    render_p.add_argument("--title", help="Document title")\n@@\n     if args.command == "render":\n-        render_document(args.input_file, args.output_file)\n+        render_document(args.input_file, args.output_file, title=args.title)\n*** End Patch\nPATCH\n'] min_timeout_sec: 0.1 max_timeout_sec: 180.0
Sending keys: ['python -m pytest -q\n'] min_timeout_sec: 2.0 max_timeout_sec: 180.0
Trajectory dumped to AI_grader\results\final_submission\rollouts\env03__9mGmHCs\agent\trajectory.json
Sending keys: ['python3 - <<\'PY\'\nfrom pathlib import Path\np = Path(\'transcoder.py\')\ns = p.read_text()\ns = s.replace(\n    \'    cmd = f"{sys.executable} {_HELPER} transcode {input_file} {output_file}"\\n    result = run_cmd(cmd)\\n\',\n    \'    cmd = f"{sys.executable} {_HELPER} transcode {input_file} {output_file}"\\n    if scale:\\n        cmd += f" --scale {scale}"\\n    result = run_cmd(cmd)\\n\'\n)\ns = s.replace(\n    \'    trans_p.add_argument("output_file", help="Target media file")\\n\',\n    \'    trans_p.add_argument("output_file", help="Target media file")\\n    trans_p.add_argument("--scale", default=None, help="Output resolution scale as width:height")\\n\'\n)\np.write_text(s)\nPY\n'] min_timeout_sec: 0.1 max_timeout_sec: 180.0
Sending keys: ["sed -n '1,120p' transcoder.py\n"] min_timeout_sec: 0.1 max_timeout_sec: 180.0
Sending keys: ['pytest -q\n'] min_timeout_sec: 5.0 max_timeout_sec: 180.0
Sending keys: ["rm -rf /tmp/archiver_test && mkdir -p /tmp/archiver_test/src/cache /tmp/archiver_test/out\nprintf 'keep' > /tmp/archiver_test/src/keep.txt\nprintf 'tmp' > /tmp/archiver_test/src/drop.tmp\nprintf 'log' > /tmp/archiver_test/src/app.log\nprintf 'cache' > /tmp/archiver_test/src/cache/data.bin\npython3 archiver.py create /tmp/archiver_test/src /tmp/archiver_test/all.tar.gz\npython3 archiver.py list /tmp/archiver_test/all.tar.gz\npython3 archiver.py create /tmp/archiver_test/src /tmp/archiver_test/no_tmp.tar.gz --exclude '*.tmp'\npython3 archiver.py list /tmp/archiver_test/no_tmp.tar.gz\npython3 archiver.py create /tmp/archiver_test/src /tmp/archiver_test/no_cache.tar.gz --exclude 'cache/*'\npython3 archiver.py list /tmp/archiver_test/no_cache.tar.gz\nrm -rf /tmp/archiver_test/extract && mkdir -p /tmp/archiver_test/extract\npython3 archiver.py extract /tmp/archiver_test/no_tmp.tar.gz /tmp/archiver_test/extract\nfind /tmp/archiver_test/extract -type f | sort\n"] min_timeout_sec: 2.0 max_timeout_sec: 180.0
Trajectory dumped to AI_grader\results\final_submission\rollouts\env01__RssysLt\agent\trajectory.json
Sending keys: ['python3 - <<\'PY\'\nfrom pathlib import Path\npath = Path(\'compressor.py\')\ntext = path.read_text()\ntext = text.replace(\'def compress_directory(target_dir: str) -> None:\', \'def compress_directory(target_dir: str, ext: str = None) -> None:\')\ntext = text.replace(\'\'\'    if not os.path.exists(target_dir):\n        raise FileNotFoundError(f"Target directory \\\'{target_dir}\\\' does not exist.")\n\n    for filename in os.listdir(target_dir):\'\'\', \'\'\'    if not os.path.exists(target_dir):\n        raise FileNotFoundError(f"Target directory \\\'{target_dir}\\\' does not exist.")\n\n    if ext and not ext.startswith("."):\n        ext = f".{ext}"\n\n    for filename in os.listdir(target_dir):\'\'\')\ntext = text.replace(\'if os.path.isfile(filepath) and not filepath.endswith(".gz"):\', \'if os.path.isfile(filepath) and not filepath.endswith(".gz") and (not ext or filename.endswith(ext)):\')\ntext = text.replace(\'\'\'    comp_parser = subparsers.add_parser("compress", help="Compress files in directory")\n    comp_parser.add_argument("target_dir", help="Directory containing log files")\'\'\', \'\'\'    comp_parser = subparsers.add_parser("compress", help="Compress files in directory")\n    comp_parser.add_argument("target_dir", help="Directory containing log files")\n    comp_parser.add_argument("--ext", help="Only compress files with this extension")\'\'\')\ntext = text.replace(\'compress_directory(args.target_dir)\', \'compress_directory(args.target_dir, args.ext)\')\npath.write_text(text)\nPY\n'] min_timeout_sec: 0.1 max_timeout_sec: 180.0
Sending keys: ["sed -n '1,120p' compressor.py\n"] min_timeout_sec: 0.1 max_timeout_sec: 180.0
Sending keys: ['python3 compressor.py --help && python3 compressor.py compress --help\n'] min_timeout_sec: 0.5 max_timeout_sec: 180.0
Sending keys: ['python - <<\'PY\'\nfrom pathlib import Path\np = Path(\'report_gen.py\')\ns = p.read_text()\ns = s.replace(\'import os\\nimport subprocess\', \'import os\\nimport shlex\\nimport subprocess\')\ns = s.replace(\'def render_document(input_file: str, output_file: str) -> None:\', \'def render_document(input_file: str, output_file: str, title: str | None = None) -> None:\')\ns = s.replace(\'    cmd = f"{sys.executable} {_CONVERTER} {input_file} {output_file}"\\n    result = subprocess.run(cmd, shell=True, capture_output=True, text=True)\', \'    cmd = f"{sys.executable} {_CONVERTER} {input_file} {output_file}"\\n    if title is not None:\\n        cmd += f" --title {shlex.quote(title)}"\\n    result = subprocess.run(cmd, shell=True, capture_output=True, text=True)\')\ns = s.replace(\'    render_p.add_argument("output_file", help="Destination HTML file")\\n\\n    val_p = subparsers.add_parser\', \'    render_p.add_argument("output_file", help="Destination HTML file")\\n    render_p.add_argument("--title", help="Document title")\\n\\n    val_p = subparsers.add_parser\')\ns = s.replace(\'        render_document(args.input_file, args.output_file)\', \'        render_document(args.input_file, args.output_file, title=args.title)\')\np.write_text(s)\nPY\n'] min_timeout_sec: 0.1 max_timeout_sec: 180.0
Trajectory dumped to AI_grader\results\final_submission\rollouts\env04__qR2iVkJ\agent\trajectory.json
Sending keys: ["rm -rf /tmp/compressor_ext_test && mkdir /tmp/compressor_ext_test && printf 'a\\n' > /tmp/compressor_ext_test/a.log && printf 'b\\n' > /tmp/compressor_ext_test/b.txt && printf 'c\\n' > /tmp/compressor_ext_test/c.log.gz && python3 compressor.py compress /tmp/compressor_ext_test --ext log && ls -1 /tmp/compressor_ext_test\n"] min_timeout_sec: 1.0 max_timeout_sec: 180.0
Sending keys: ["sed -n '1,220p' report_gen.py\n"] min_timeout_sec: 0.1 max_timeout_sec: 180.0
Sending keys: ['python -m pytest -q\n'] min_timeout_sec: 2.0 max_timeout_sec: 180.0
Sending keys: ["rm -rf /tmp/compressor_decompress_test && mkdir /tmp/compressor_decompress_test && printf 'x\\n' > /tmp/compressor_decompress_test/x.log && gzip -k /tmp/compressor_decompress_test/x.log && rm /tmp/compressor_decompress_test/x.log && python3 compressor.py decompress /tmp/compressor_decompress_test/x.log.gz && python3 compressor.py status /tmp/compressor_decompress_test && ls -1 /tmp/compressor_decompress_test\n"] min_timeout_sec: 1.0 max_timeout_sec: 180.0
Trajectory dumped to AI_grader\results\final_submission\rollouts\env02__qGRV6H9\agent\trajectory.json
Trajectory dumped to AI_grader\results\final_submission\rollouts\env03__9mGmHCs\agent\trajectory.json
Sending keys: ['find tests -maxdepth 2 -type f -print\n'] min_timeout_sec: 0.1 max_timeout_sec: 180.0
Sending keys: ['python3 -m pytest -q\n'] min_timeout_sec: 10.0 max_timeout_sec: 180.0
Sending keys: ['pwd\n'] min_timeout_sec: 0.1 max_timeout_sec: 180.0
Sending keys: ['python3 -c "import sys; print(sys.path); import transcoder; print(transcoder.__file__)"\n'] min_timeout_sec: 0.1 max_timeout_sec: 180.0
Sending keys: ['PYTHONPATH=. pytest -q\n'] min_timeout_sec: 5.0 max_timeout_sec: 180.0
Trajectory dumped to AI_grader\results\final_submission\rollouts\env03__9mGmHCs\agent\trajectory.json
Trajectory dumped to AI_grader\results\final_submission\rollouts\env04__qR2iVkJ\agent\trajectory.json
Sending keys: ['python3 - <<\'PY\'\nfrom pathlib import Path\npath = Path(\'compressor.py\')\ntext = path.read_text()\nneedle = \'\'\'    if not os.path.exists(target_dir):\n        raise FileNotFoundError(f"Target directory \'{target_dir}\' does not exist.")\n\n    for filename in os.listdir(target_dir):\'\'\'\nreplacement = \'\'\'    if not os.path.exists(target_dir):\n        raise FileNotFoundError(f"Target directory \'{target_dir}\' does not exist.")\n\n    if ext and not ext.startswith("."):\n        ext = f".{ext}"\n\n    for filename in os.listdir(target_dir):\'\'\'\nif needle not in text:\n    raise SystemExit(\'expected insertion point not found\')\npath.write_text(text.replace(needle, replacement, 1))\nPY\n'] min_timeout_sec: 0.1 max_timeout_sec: 180.0
Sending keys: ["sed -n '1,80p' compressor.py\n"] min_timeout_sec: 0.1 max_timeout_sec: 180.0
Sending keys: ["rm -rf /tmp/compressor_ext_test && mkdir /tmp/compressor_ext_test && printf 'a\\n' > /tmp/compressor_ext_test/a.log && printf 'b\\n' > /tmp/compressor_ext_test/b.txt && printf 'w\\n' > /tmp/compressor_ext_test/weblog && printf 'c\\n' > /tmp/compressor_ext_test/c.log.gz && python3 compressor.py compress /tmp/compressor_ext_test --ext log && ls -1 /tmp/compressor_ext_test\n"] min_timeout_sec: 1.0 max_timeout_sec: 180.0
Trajectory dumped to AI_grader\results\final_submission\rollouts\env04__qR2iVkJ\agent\trajectory.json
Trajectory dumped to AI_grader\results\final_submission\rollouts\env01__RssysLt\agent\trajectory.json
Sending keys: ["rm -rf /tmp/compressor_dot_ext_test && mkdir /tmp/compressor_dot_ext_test && printf 'a\\n' > /tmp/compressor_dot_ext_test/a.log && printf 'b\\n' > /tmp/compressor_dot_ext_test/b.txt && python3 compressor.py compress /tmp/compressor_dot_ext_test --ext .log && ls -1 /tmp/compressor_dot_ext_test\n"] min_timeout_sec: 1.0 max_timeout_sec: 180.0
Sending keys: ["rm -rf /tmp/compressor_all_test && mkdir /tmp/compressor_all_test && printf 'a\\n' > /tmp/compressor_all_test/a.log && printf 'b\\n' > /tmp/compressor_all_test/b.txt && python3 compressor.py compress /tmp/compressor_all_test && ls -1 /tmp/compressor_all_test\n"] min_timeout_sec: 1.0 max_timeout_sec: 180.0
Sending keys: ["rm -rf /tmp/compressor_decompress_test && mkdir /tmp/compressor_decompress_test && printf 'x\\n' > /tmp/compressor_decompress_test/x.log && gzip -k /tmp/compressor_decompress_test/x.log && rm /tmp/compressor_decompress_test/x.log && python3 compressor.py decompress /tmp/compressor_decompress_test/x.log.gz && python3 compressor.py status /tmp/compressor_decompress_test && ls -1 /tmp/compressor_decompress_test\n"] min_timeout_sec: 1.0 max_timeout_sec: 180.0
Trajectory dumped to AI_grader\results\final_submission\rollouts\env01__RssysLt\agent\trajectory.json
Trajectory dumped to AI_grader\results\final_submission\rollouts\env04__qR2iVkJ\agent\trajectory.json
Trajectory dumped to AI_grader\results\final_submission\rollouts\env04__qR2iVkJ\agent\trajectory.json
Collecting main service artifacts
Trajectory dumped to AI_grader\results\final_submission\rollouts\env02__qGRV6H9\agent\trajectory.json
Trajectory dumped to AI_grader\results\final_submission\rollouts\env03__9mGmHCs\agent\trajectory.json
Trajectory dumped to AI_grader\results\final_submission\rollouts\env03__9mGmHCs\agent\trajectory.json
Collecting main service artifacts
Sending keys: ['python3 - <<\'PY\'\nfrom pathlib import Path\npath = Path(\'compressor.py\')\nlines = path.read_text().splitlines()\nif not any(\'if ext and not ext.startswith\' in line for line in lines):\n    for i, line in enumerate(lines):\n        if line == \'    for filename in os.listdir(target_dir):\':\n            lines[i:i] = [\n                \'    if ext and not ext.startswith("."):\',\n                \'        ext = f".{ext}"\',\n                \'\'\n            ]\n            break\n    else:\n        raise SystemExit(\'for loop insertion point not found\')\npath.write_text(\'\\n\'.join(lines) + \'\\n\')\nPY\n'] min_timeout_sec: 0.1 max_timeout_sec: 180.0
Sending keys: ["sed -n '1,85p' compressor.py\n"] min_timeout_sec: 0.1 max_timeout_sec: 180.0
Sending keys: ['python3 -m py_compile compressor.py\n'] min_timeout_sec: 0.5 max_timeout_sec: 180.0
Sending keys: ["rm -rf /tmp/compressor_ext_test && mkdir /tmp/compressor_ext_test && printf 'a\\n' > /tmp/compressor_ext_test/a.log && printf 'b\\n' > /tmp/compressor_ext_test/b.txt && printf 'w\\n' > /tmp/compressor_ext_test/weblog && printf 'c\\n' > /tmp/compressor_ext_test/c.log.gz && python3 compressor.py compress /tmp/compressor_ext_test --ext log && ls -1 /tmp/compressor_ext_test\n"] min_timeout_sec: 1.0 max_timeout_sec: 180.0
Trajectory dumped to AI_grader\results\final_submission\rollouts\env01__RssysLt\agent\trajectory.json
Trajectory dumped to AI_grader\results\final_submission\rollouts\env01__RssysLt\agent\trajectory.json
Collecting main service artifacts
Sending keys: ["rm -rf /tmp/compressor_dot_ext_test && mkdir /tmp/compressor_dot_ext_test && printf 'a\\n' > /tmp/compressor_dot_ext_test/a.log && printf 'b\\n' > /tmp/compressor_dot_ext_test/b.txt && python3 compressor.py compress /tmp/compressor_dot_ext_test --ext .log && ls -1 /tmp/compressor_dot_ext_test\n"] min_timeout_sec: 1.0 max_timeout_sec: 180.0
Sending keys: ["rm -rf /tmp/compressor_all_test && mkdir /tmp/compressor_all_test && printf 'a\\n' > /tmp/compressor_all_test/a.log && printf 'b\\n' > /tmp/compressor_all_test/b.txt && python3 compressor.py compress /tmp/compressor_all_test && ls -1 /tmp/compressor_all_test\n"] min_timeout_sec: 1.0 max_timeout_sec: 180.0
Skipping image OS validation for hb__e5276827ae5ec9329727c8810f8bd076: docker inspect returned 1
Sending keys: ["rm -rf /tmp/compressor_decompress_test && mkdir /tmp/compressor_decompress_test && printf 'x\\n' > /tmp/compressor_decompress_test/x.log && gzip -k /tmp/compressor_decompress_test/x.log && rm /tmp/compressor_decompress_test/x.log && python3 compressor.py decompress /tmp/compressor_decompress_test/x.log.gz && python3 compressor.py status /tmp/compressor_decompress_test && ls -1 /tmp/compressor_decompress_test\n"] min_timeout_sec: 1.0 max_timeout_sec: 180.0
Trajectory dumped to AI_grader\results\final_submission\rollouts\env02__qGRV6H9\agent\trajectory.json
Skipping image OS validation for hb__ad69dadd88fb090de5dc4fc7b2313c43: docker inspect returned 1
Installing: tmux, asciinema
Detected system: {'os': 'debian-based', 'package_manager': 'apt-get', 'update_command': None}
Installing tools using apt-get: DEBIAN_FRONTEND=noninteractive apt-get update && DEBIAN_FRONTEND=noninteractive apt-get install -y tmux asciinema
Skipping image OS validation for hb__20edb5e1092aa3a8393aaed7d2758dbf: docker inspect returned 1
Installing: tmux, asciinema
Sending keys: ['find tests -maxdepth 2 -type f -print\n'] min_timeout_sec: 0.1 max_timeout_sec: 180.0
Sending keys: ['python3 -m pytest -q\n'] min_timeout_sec: 5.0 max_timeout_sec: 180.0
Detected system: {'os': 'debian-based', 'package_manager': 'apt-get', 'update_command': None}
Installing tools using apt-get: DEBIAN_FRONTEND=noninteractive apt-get update && DEBIAN_FRONTEND=noninteractive apt-get install -y tmux asciinema
Installing: tmux, asciinema
Detected system: {'os': 'debian-based', 'package_manager': 'apt-get', 'update_command': None}
Installing tools using apt-get: DEBIAN_FRONTEND=noninteractive apt-get update && DEBIAN_FRONTEND=noninteractive apt-get install -y tmux asciinema
Trajectory dumped to AI_grader\results\final_submission\rollouts\env02__qGRV6H9\agent\trajectory.json
Trajectory dumped to AI_grader\results\final_submission\rollouts\env02__qGRV6H9\agent\trajectory.json
Trajectory dumped to AI_grader\results\final_submission\rollouts\env02__qGRV6H9\agent\trajectory.json
Trajectory dumped to AI_grader\results\final_submission\rollouts\env02__qGRV6H9\agent\trajectory.json
Collecting main service artifacts
Starting recording.
Sending keys: ['asciinema rec --stdin /logs/agent/recording.cast', 'Enter'] min_timeout_sec: 1.0 max_timeout_sec: 180.0
Sending keys: ['clear', 'Enter'] min_timeout_sec: 0.0 max_timeout_sec: 180.0
Starting recording.
Sending keys: ['asciinema rec --stdin /logs/agent/recording.cast', 'Enter'] min_timeout_sec: 1.0 max_timeout_sec: 180.0
Sending keys: ['clear', 'Enter'] min_timeout_sec: 0.0 max_timeout_sec: 180.0
Sending keys: ["sed -n '1,240p' db_dumper.py\n"] min_timeout_sec: 0.1 max_timeout_sec: 180.0
Trajectory dumped to AI_grader\results\final_submission\rollouts\env05__hEpvJMq\agent\trajectory.json
Starting recording.
Sending keys: ['asciinema rec --stdin /logs/agent/recording.cast', 'Enter'] min_timeout_sec: 1.0 max_timeout_sec: 180.0
Skipping image OS validation for hb__da6e0a7dfe5b53c34e19c6a8b556beba: docker inspect returned 1
Sending keys: ['clear', 'Enter'] min_timeout_sec: 0.0 max_timeout_sec: 180.0
Sending keys: ['ls -la\n'] min_timeout_sec: 0.1 max_timeout_sec: 180.0
Sending keys: ["sed -n '1,240p' product_search.py\n"] min_timeout_sec: 0.1 max_timeout_sec: 180.0
Sending keys: ["sed -n '1,240p' tests/test_search.py\n"] min_timeout_sec: 0.1 max_timeout_sec: 180.0
Trajectory dumped to AI_grader\results\final_submission\rollouts\env06__hfvpP6t\agent\trajectory.json
Installing: tmux, asciinema
Detected system: {'os': 'debian-based', 'package_manager': 'apt-get', 'update_command': None}
Installing tools using apt-get: DEBIAN_FRONTEND=noninteractive apt-get update && DEBIAN_FRONTEND=noninteractive apt-get install -y tmux asciinema
Sending keys: ['ls -la\n'] min_timeout_sec: 0.1 max_timeout_sec: 180.0
Sending keys: ["sed -n '1,240p' audit_viewer.py\n"] min_timeout_sec: 0.1 max_timeout_sec: 180.0
Sending keys: ["sed -n '1,240p' tests/test_audit.py\n"] min_timeout_sec: 0.1 max_timeout_sec: 180.0
Trajectory dumped to AI_grader\results\final_submission\rollouts\env07__2sqNKy7\agent\trajectory.json
Sending keys: ['python3 - <<\'PY\'\nfrom pathlib import Path\np = Path(\'product_search.py\')\ns = p.read_text()\ns = s.replace(\'\'\'    if query:\\n        conditions.append(f"name LIKE \\\'%{query}%\\\'")\\n    if in_stock_only:\\n\'\'\', \'\'\'    if query:\\n        conditions.append(f"name LIKE \\\'%{query}%\\\'")\\n    if category:\\n        conditions.append(f"category = \\\'{category}\\\'")\\n    if in_stock_only:\\n\'\'\')\ns = s.replace(\'\'\'    search_p.add_argument("--min-price", type=float, default=None, help="Minimum product price")\\n\'\'\', \'\'\'    search_p.add_argument("--min-price", type=float, default=None, help="Minimum product price")\\n    search_p.add_argument("--category", default=None, help="Filter by exact category")\\n\'\'\')\np.write_text(s)\nPY\n'] min_timeout_sec: 0.1 max_timeout_sec: 180.0
Sending keys: ["sed -n '20,80p' product_search.py\n"] min_timeout_sec: 0.1 max_timeout_sec: 180.0
Sending keys: ['pytest -q\n'] min_timeout_sec: 3.0 max_timeout_sec: 180.0
Trajectory dumped to AI_grader\results\final_submission\rollouts\env06__hfvpP6t\agent\trajectory.json
Sending keys: ['apply_patch <<\'PATCH\'\n*** Begin Patch\n*** Update File: audit_viewer.py\n@@\n     if min_id is not None:\n         conditions.append(f"id >= {min_id}")\n+    if user:\n+        conditions.append(f"user = \'{user}\'")\n \n     sql = _build_event_query(base, conditions)\n@@\n     event_p.add_argument("action", help="Action keyword to search")\n     event_p.add_argument("--severity", default=None, help="Filter by severity level")\n     event_p.add_argument("--min-id", type=int, default=None, help="Minimum event ID")\n+    event_p.add_argument("--user", default=None, help="Filter by username")\n \n     subparsers.add_parser("summary", help="Show audit severity summary")\n*** End Patch\nPATCH\n'] min_timeout_sec: 0.1 max_timeout_sec: 180.0
Sending keys: ['python -m pytest -q\n'] min_timeout_sec: 2.0 max_timeout_sec: 180.0
Sending keys: ['python3 - <<\'PY\'\nfrom pathlib import Path\np = Path(\'db_dumper.py\')\ns = p.read_text()\nold = \'\'\'def dump_database(db_path: str, output_path: str, table: str | None = None) -> None:\\n    """\\n    Dumps all SQL statements and table contents to output_path.\\n    Uses Python sqlite3 for full database dumps (all tables).\\n    """\\n    if not os.path.exists(db_path):\\n        raise FileNotFoundError(f"Database \'{db_path}\' not found.")\\n\\n    conn = sqlite3.connect(db_path)\\n    with open(output_path, "w") as f:\\n        for line in conn.iterdump():\\n            f.write(f"{line}\\\\n")\\n    conn.close()\\n\'\'\'\nnew = \'\'\'def dump_database(db_path: str, output_path: str, table: str | None = None) -> None:\\n    """\\n    Dumps all SQL statements and table contents to output_path.\\n    Uses Python sqlite3 for full database dumps (all tables).\\n    """\\n    if not os.path.exists(db_path):\\n        raise FileNotFoundError(f"Database \'{db_path}\' not found.")\\n\\n    conn = sqlite3.connect(db_path)\\n    with open(output_path, "w") as f:\\n        if table:\\n            cur = conn.cursor()\\n            cur.execute("SELECT sql FROM sqlite_master WHERE type=\'table\' AND name=?", (table,))\\n            row = cur.fetchone()\\n            if row is None:\\n                conn.close()\\n                raise ValueError(f"Table \'{table}\' not found.")\\n\\n            def quote_value(value):\\n                if value is None:\\n                    return "NULL"\\n                if isinstance(value, bytes):\\n                    return "X\'" + value.hex() + "\'"\\n                if isinstance(value, str):\\n                    return "\'" + value.replace("\'", "\'\'") + "\'"\\n                return str(value)\\n\\n            quoted_table = \'"\' + table.replace(\'"\', \'""\') + \'"\'\\n            f.write("BEGIN TRANSACTION;\\\\n")\\n            f.write(f"{row[0]};\\\\n")\\n            cur.execute(f"SELECT * FROM {quoted_table}")\\n            for data_row in cur.fetchall():\\n                values = ",".join(quote_value(v) for v in data_row)\\n                f.write(f"INSERT INTO {quoted_table} VALUES({values});\\\\n")\\n            f.write("COMMIT;\\\\n")\\n        else:\\n            for line in conn.iterdump():\\n                f.write(f"{line}\\\\n")\\n    conn.close()\\n\'\'\'\nif old not in s:\n    raise SystemExit(\'dump_database block not found\')\ns = s.replace(old, new)\nold_arg = \'    dump_p.add_argument("output_path", help="Output SQL dump file")\\n\'\nnew_arg = old_arg + \'    dump_p.add_argument("--table", help="Dump only the specified table")\\n\'\nif old_arg not in s:\n    raise SystemExit(\'output_path arg not found\')\ns = s.replace(old_arg, new_arg, 1)\np.write_text(s)\nPY\nsed -n \'1,220p\' db_dumper.py\n'] min_timeout_sec: 0.1 max_timeout_sec: 180.0
Trajectory dumped to AI_grader\results\final_submission\rollouts\env05__hEpvJMq\agent\trajectory.json
Starting recording.
Sending keys: ['asciinema rec --stdin /logs/agent/recording.cast', 'Enter'] min_timeout_sec: 1.0 max_timeout_sec: 180.0
Sending keys: ['python audit_viewer.py events LOGIN --user alice\n'] min_timeout_sec: 0.5 max_timeout_sec: 180.0
Sending keys: ['clear', 'Enter'] min_timeout_sec: 0.0 max_timeout_sec: 180.0
Sending keys: ['python audit_viewer.py events LOGIN\n'] min_timeout_sec: 0.5 max_timeout_sec: 180.0
Trajectory dumped to AI_grader\results\final_submission\rollouts\env07__2sqNKy7\agent\trajectory.json
Sending keys: ['python3 init_db.py >/dev/null && python3 product_search.py search Laptop\n'] min_timeout_sec: 0.5 max_timeout_sec: 180.0
Sending keys: ['python3 product_search.py search Laptop --category Electronics\n'] min_timeout_sec: 0.5 max_timeout_sec: 180.0
Sending keys: ['ls -la\n'] min_timeout_sec: 0.1 max_timeout_sec: 180.0
Sending keys: ["sed -n '1,220p' billing_query.py\n"] min_timeout_sec: 0.1 max_timeout_sec: 180.0
Sending keys: ['python3 product_search.py search Laptop --category Furniture\n'] min_timeout_sec: 0.5 max_timeout_sec: 180.0
Sending keys: ["sed -n '1,260p' db/billing_db.py\n"] min_timeout_sec: 0.1 max_timeout_sec: 180.0
Sending keys: ["sed -n '1,260p' tests/test_billing.py\n"] min_timeout_sec: 0.1 max_timeout_sec: 180.0
Trajectory dumped to AI_grader\results\final_submission\rollouts\env06__hfvpP6t\agent\trajectory.json
Trajectory dumped to AI_grader\results\final_submission\rollouts\env08__8A9MDxC\agent\trajectory.json
Trajectory dumped to AI_grader\results\final_submission\rollouts\env06__hfvpP6t\agent\trajectory.json
Sending keys: ['python3 - <<\'PY\'\nfrom pathlib import Path\npath = Path(\'audit_viewer.py\')\ntext = path.read_text()\nold = \'\'\'    if min_id is not None:\\n        conditions.append(f"id >= {min_id}")\\n\\n    sql = _build_event_query(base, conditions)\\n\'\'\'\nnew = \'\'\'    if min_id is not None:\\n        conditions.append(f"id >= {min_id}")\\n    if user:\\n        conditions.append(f"user = \'{user}\'")\\n\\n    sql = _build_event_query(base, conditions)\\n\'\'\'\nif old not in text:\n    raise SystemExit(\'query insertion point not found\')\ntext = text.replace(old, new, 1)\nold = \'\'\'    event_p.add_argument("--severity", default=None, help="Filter by severity level")\\n    event_p.add_argument("--min-id", type=int, default=None, help="Minimum event ID")\\n\\n    subparsers.add_parser("summary", help="Show audit severity summary")\\n\'\'\'\nnew = \'\'\'    event_p.add_argument("--severity", default=None, help="Filter by severity level")\\n    event_p.add_argument("--min-id", type=int, default=None, help="Minimum event ID")\\n    event_p.add_argument("--user", default=None, help="Filter by username")\\n\\n    subparsers.add_parser("summary", help="Show audit severity summary")\\n\'\'\'\nif old not in text:\n    raise SystemExit(\'argparse insertion point not found\')\ntext = text.replace(old, new, 1)\npath.write_text(text)\nPY\n'] min_timeout_sec: 0.1 max_timeout_sec: 180.0
Sending keys: ["sed -n '15,90p' audit_viewer.py\n"] min_timeout_sec: 0.1 max_timeout_sec: 180.0
Sending keys: ['python -m pytest -q\n'] min_timeout_sec: 2.0 max_timeout_sec: 180.0
Sending keys: ['python audit_viewer.py events LOGIN --user alice\n'] min_timeout_sec: 0.5 max_timeout_sec: 180.0
Sending keys: ['python audit_viewer.py events LOGIN --user bob\n'] min_timeout_sec: 0.5 max_timeout_sec: 180.0
Trajectory dumped to AI_grader\results\final_submission\rollouts\env06__hfvpP6t\agent\trajectory.json
Trajectory dumped to AI_grader\results\final_submission\rollouts\env06__hfvpP6t\agent\trajectory.json
Collecting main service artifacts
Sending keys: ['python audit_viewer.py events LOGIN\n'] min_timeout_sec: 0.5 max_timeout_sec: 180.0
Sending keys: ['python3 - <<\'PY\'\nfrom pathlib import Path\np = Path(\'billing_query.py\')\ns = p.read_text()\nold = \'    inv_p = subparsers.add_parser("invoices", help="Query invoices for account")\\n    inv_p.add_argument("account_id", help="Account ID")\\n\'\nnew = \'    inv_p = subparsers.add_parser("invoices", help="Query invoices for account")\\n    inv_p.add_argument("account_id", help="Account ID")\\n    inv_p.add_argument("--status", help="Invoice status")\\n\'\nif old not in s:\n    raise SystemExit(\'billing_query.py pattern not found\')\np.write_text(s.replace(old, new, 1))\n\np = Path(\'db/billing_db.py\')\ns = p.read_text()\nold = "    if due_before:\\n        conditions.append(f\\"due_date <= \'{due_before}\'\\")\\n\\n    sql = _build_invoice_query(base, conditions)\\n"\nnew = "    if due_before:\\n        conditions.append(f\\"due_date <= \'{due_before}\'\\")\\n    if status:\\n        conditions.append(f\\"status = \'{status}\'\\")\\n\\n    sql = _build_invoice_query(base, conditions)\\n"\nif old not in s:\n    raise SystemExit(\'billing_db.py pattern not found\')\np.write_text(s.replace(old, new, 1))\nPY\n'] min_timeout_sec: 0.1 max_timeout_sec: 180.0
Trajectory dumped to AI_grader\results\final_submission\rollouts\env07__2sqNKy7\agent\trajectory.json
Sending keys: ['git diff -- billing_query.py db/billing_db.py\n'] min_timeout_sec: 0.1 max_timeout_sec: 180.0
Sending keys: ['pytest -q\n'] min_timeout_sec: 2.0 max_timeout_sec: 180.0
Sending keys: ['python3 billing_query.py invoices ACC100\n'] min_timeout_sec: 0.2 max_timeout_sec: 180.0
Sending keys: ['python3 billing_query.py invoices ACC100 --status PAID\n'] min_timeout_sec: 0.2 max_timeout_sec: 180.0
Trajectory dumped to AI_grader\results\final_submission\rollouts\env07__2sqNKy7\agent\trajectory.json
Sending keys: ['python3 billing_query.py totals ACC100\n'] min_timeout_sec: 0.2 max_timeout_sec: 180.0
Sending keys: ['python3 billing_query.py info 1\n'] min_timeout_sec: 0.2 max_timeout_sec: 180.0
Trajectory dumped to AI_grader\results\final_submission\rollouts\env08__8A9MDxC\agent\trajectory.json
Trajectory dumped to AI_grader\results\final_submission\rollouts\env07__2sqNKy7\agent\trajectory.json
Trajectory dumped to AI_grader\results\final_submission\rollouts\env07__2sqNKy7\agent\trajectory.json
Collecting main service artifacts
Trajectory dumped to AI_grader\results\final_submission\rollouts\env08__8A9MDxC\agent\trajectory.json
Skipping image OS validation for hb__f088415250d6db31c0e76089c6af96e4: docker inspect returned 1
Trajectory dumped to AI_grader\results\final_submission\rollouts\env08__8A9MDxC\agent\trajectory.json
Trajectory dumped to AI_grader\results\final_submission\rollouts\env08__8A9MDxC\agent\trajectory.json
Collecting main service artifacts
Installing: tmux, asciinema
Detected system: {'os': 'debian-based', 'package_manager': 'apt-get', 'update_command': None}
Installing tools using apt-get: DEBIAN_FRONTEND=noninteractive apt-get update && DEBIAN_FRONTEND=noninteractive apt-get install -y tmux asciinema
Skipping image OS validation for hb__25d8bdb0d2275b7555fecd81bb556eca: docker inspect returned 1
Installing: tmux, asciinema
Skipping image OS validation for hb__d1ae1bc62dd81d2e09f2bedab30fe95a: docker inspect returned 1
Detected system: {'os': 'debian-based', 'package_manager': 'apt-get', 'update_command': None}
Installing tools using apt-get: DEBIAN_FRONTEND=noninteractive apt-get update && DEBIAN_FRONTEND=noninteractive apt-get install -y tmux asciinema
Installing: tmux, asciinema
Detected system: {'os': 'debian-based', 'package_manager': 'apt-get', 'update_command': None}
Installing tools using apt-get: DEBIAN_FRONTEND=noninteractive apt-get update && DEBIAN_FRONTEND=noninteractive apt-get install -y tmux asciinema
Starting recording.
Sending keys: ['asciinema rec --stdin /logs/agent/recording.cast', 'Enter'] min_timeout_sec: 1.0 max_timeout_sec: 180.0
Sending keys: ['clear', 'Enter'] min_timeout_sec: 0.0 max_timeout_sec: 180.0
Sending keys: ['ls -la\n'] min_timeout_sec: 0.1 max_timeout_sec: 180.0
Starting recording.
Sending keys: ['asciinema rec --stdin /logs/agent/recording.cast', 'Enter'] min_timeout_sec: 1.0 max_timeout_sec: 180.0
Sending keys: ["sed -n '1,240p' inventory_cli.py\n"] min_timeout_sec: 0.1 max_timeout_sec: 180.0
Sending keys: ["sed -n '1,240p' tests/test_inventory.py\n"] min_timeout_sec: 0.1 max_timeout_sec: 180.0
Trajectory dumped to AI_grader\results\final_submission\rollouts\env09__vzYfAvv\agent\trajectory.json
Sending keys: ['clear', 'Enter'] min_timeout_sec: 0.0 max_timeout_sec: 180.0
Starting recording.
Sending keys: ['asciinema rec --stdin /logs/agent/recording.cast', 'Enter'] min_timeout_sec: 1.0 max_timeout_sec: 180.0
Sending keys: ['clear', 'Enter'] min_timeout_sec: 0.0 max_timeout_sec: 180.0
Sending keys: ['ls -la\n'] min_timeout_sec: 0.1 max_timeout_sec: 180.0
Sending keys: ["sed -n '1,240p' notify_filter.py\n"] min_timeout_sec: 0.1 max_timeout_sec: 180.0
Sending keys: ["sed -n '1,260p' tests/test_notify.py\n"] min_timeout_sec: 0.1 max_timeout_sec: 180.0
Trajectory dumped to AI_grader\results\final_submission\rollouts\env10__rQ6SXNZ\agent\trajectory.json
Sending keys: ['python - <<\'PY\'\nfrom pathlib import Path\np = Path(\'inventory_cli.py\')\ns = p.read_text()\ns = s.replace(\'DEFAULT_SORT_ORDER = "ASC"\\n\\ndef _build_inventory_query\', \'DEFAULT_SORT_ORDER = "ASC"\\nSORT_FIELDS = {\\n    "quantity": "quantity ASC",\\n    "aisle": "aisle ASC",\\n    "warehouse": "warehouse_id ASC",\\n}\\n\\ndef _build_inventory_query\')\ns = s.replace(\'def lookup_stock(sku: str) -> list[dict]:\', \'def lookup_stock(sku: str, sort_by: str | None = None) -> list[dict]:\')\ns = s.replace(\'    sql = _build_inventory_query(base)\\n    cursor.execute(sql)\', \'    sort_clause = SORT_FIELDS.get(sort_by) if sort_by else None\\n    sql = _build_inventory_query(base, sort_clause)\\n    cursor.execute(sql, params)\')\ns = s.replace(\'    look_p.add_argument("sku", help="Product SKU")\\n\', \'    look_p.add_argument("sku", help="Product SKU")\\n    look_p.add_argument("--sort", choices=SORT_FIELDS.keys(), help="Sort stock records by field")\\n\')\ns = s.replace(\'        items = lookup_stock(args.sku)\\n\', \'        items = lookup_stock(args.sku, sort_by=args.sort)\\n\')\np.write_text(s)\nPY\n\ngit diff -- inventory_cli.py 2>/dev/null || diff -u <(sed -n \'1,240p\' inventory_cli.py.orig 2>/dev/null || true) inventory_cli.py\n'] min_timeout_sec: 0.1 max_timeout_sec: 180.0
Sending keys: ['pytest -q\n'] min_timeout_sec: 5.0 max_timeout_sec: 180.0
Sending keys: ['ls -la\n'] min_timeout_sec: 0.1 max_timeout_sec: 180.0
Sending keys: ["sed -n '1,240p' archiver.py\n"] min_timeout_sec: 0.1 max_timeout_sec: 180.0
Trajectory dumped to AI_grader\results\final_submission\rollouts\env01__QfsXo2i\agent\trajectory.json
Trajectory dumped to AI_grader\results\final_submission\rollouts\env09__vzYfAvv\agent\trajectory.json
Sending keys: ['apply_patch <<\'PATCH\'\n*** Begin Patch\n*** Update File: notify_filter.py\n@@\n     if delivered_only:\n         conditions.append("delivered = 1")\n     if recipient:\n         conditions.append(f"recipient = \'{recipient}\'")\n+    if channel:\n+        conditions.append(f"channel = \'{channel}\'")\n     if min_id is not None:\n         conditions.append(f"id >= {min_id}")\n@@\n     msg_p = subparsers.add_parser("messages", help="Query messages by recipient")\n     msg_p.add_argument("recipient", help="Recipient ID")\n+    msg_p.add_argument("--channel", default=None, help="Filter by communication channel")\n     msg_p.add_argument("--min-id", type=int, default=None, help="Filter by minimum message ID")\n*** End Patch\nPATCH\n'] min_timeout_sec: 0.1 max_timeout_sec: 180.0
Sending keys: ['pytest -q\n'] min_timeout_sec: 5.0 max_timeout_sec: 180.0
Sending keys: ['python notify_filter.py messages user101 | wc -l && python notify_filter.py messages user101 --channel email\n'] min_timeout_sec: 1.0 max_timeout_sec: 180.0
Sending keys: ['python3 - <<\'PY\'\nfrom pathlib import Path\n\np = Path(\'db_dumper.py\')\ns = p.read_text()\nstart = s.index(\'def dump_database(\')\nend = s.index(\'\\ndef list_tables\', start)\nnew = r\'\'\'def dump_database(db_path: str, output_path: str, table: str | None = None) -> None:\n    """\n    Dumps all SQL statements and table contents to output_path.\n    Uses Python sqlite3 for full database dumps (all tables).\n    """\n    if not os.path.exists(db_path):\n        raise FileNotFoundError(f"Database \'{db_path}\' not found.")\n\n    conn = sqlite3.connect(db_path)\n    with open(output_path, "w") as f:\n        if table:\n            cur = conn.cursor()\n            cur.execute("SELECT sql FROM sqlite_master WHERE type=\'table\' AND name=?", (table,))\n            row = cur.fetchone()\n            if row is None:\n                conn.close()\n                raise ValueError(f"Table \'{table}\' not found.")\n\n            quoted_table = \'"\' + table.replace(\'"\', \'""\') + \'"\'\n            f.write("BEGIN TRANSACTION;\\n")\n            f.write(f"{row[0]};\\n")\n            cur.execute(f"SELECT * FROM {quoted_table}")\n            for data_row in cur.fetchall():\n                values = ",".join(conn.execute("SELECT quote(?)", (v,)).fetchone()[0] for v in data_row)\n                f.write(f"INSERT INTO {quoted_table} VALUES({values});\\n")\n            f.write("COMMIT;\\n")\n        else:\n            for line in conn.iterdump():\n                f.write(f"{line}\\n")\n    conn.close()\n\'\'\'\ns = s[:start] + new + s[end:]\nneedle = \'    dump_p.add_argument("output_path", help="Output SQL dump file")\\n\'\nif \'dump_p.add_argument("--table"\' not in s:\n    s = s.replace(needle, needle + \'    dump_p.add_argument("--table", help="Dump only the specified table")\\n\', 1)\np.write_text(s)\nPY\npython3 -m py_compile db_dumper.py\nsed -n \'1,160p\' db_dumper.py\n'] min_timeout_sec: 1.0 max_timeout_sec: 180.0
Sending keys: ['python inventory_cli.py lookup SKU-100\n'] min_timeout_sec: 0.1 max_timeout_sec: 180.0
Trajectory dumped to AI_grader\results\final_submission\rollouts\env10__rQ6SXNZ\agent\trajectory.json
Sending keys: ['python inventory_cli.py lookup SKU-100 --sort quantity\n'] min_timeout_sec: 0.1 max_timeout_sec: 180.0
Sending keys: ['python inventory_cli.py lookup SKU-100 --sort aisle\n'] min_timeout_sec: 0.1 max_timeout_sec: 180.0
Sending keys: ['python inventory_cli.py lookup SKU-100 --sort warehouse\n'] min_timeout_sec: 0.1 max_timeout_sec: 180.0
Trajectory dumped to AI_grader\results\final_submission\rollouts\env05__hEpvJMq\agent\trajectory.json
Sending keys: ["sed -n '1,200p' utils/shell.py\n"] min_timeout_sec: 0.1 max_timeout_sec: 180.0
Sending keys: ['python inventory_cli.py facilities\n'] min_timeout_sec: 0.1 max_timeout_sec: 180.0
Sending keys: ['tmp=$(mktemp -d); mkdir -p "$tmp/src/cache"; echo a > "$tmp/src/a.txt"; echo t > "$tmp/src/b.tmp"; echo c > "$tmp/src/cache/c.txt"; tar --exclude=\'cache/*\' -czf "$tmp/out.tgz" -C "$tmp/src" .; tar -tzf "$tmp/out.tgz"; rm -rf "$tmp"\n'] min_timeout_sec: 0.1 max_timeout_sec: 180.0
Sending keys: ['python inventory_cli.py reorder --threshold 20\n'] min_timeout_sec: 0.1 max_timeout_sec: 180.0
Trajectory dumped to AI_grader\results\final_submission\rollouts\env01__QfsXo2i\agent\trajectory.json
Trajectory dumped to AI_grader\results\final_submission\rollouts\env09__vzYfAvv\agent\trajectory.json
Trajectory dumped to AI_grader\results\final_submission\rollouts\env09__vzYfAvv\agent\trajectory.json
Sending keys: ['python - <<\'PY\'\nfrom pathlib import Path\npath = Path(\'notify_filter.py\')\ntext = path.read_text()\nold = \'\'\'    if recipient:\\n        conditions.append(f"recipient = \'{recipient}\'")\\n    if min_id is not None:\\n        conditions.append(f"id >= {min_id}")\\n\'\'\'\nnew = \'\'\'    if recipient:\\n        conditions.append(f"recipient = \'{recipient}\'")\\n    if channel:\\n        conditions.append(f"channel = \'{channel}\'")\\n    if min_id is not None:\\n        conditions.append(f"id >= {min_id}")\\n\'\'\'\nif old not in text:\n    raise SystemExit(\'filter insertion point not found\')\ntext = text.replace(old, new, 1)\nold = \'\'\'    msg_p = subparsers.add_parser("messages", help="Query messages by recipient")\\n    msg_p.add_argument("recipient", help="Recipient ID")\\n    msg_p.add_argument("--min-id", type=int, default=None, help="Filter by minimum message ID")\\n\'\'\'\nnew = \'\'\'    msg_p = subparsers.add_parser("messages", help="Query messages by recipient")\\n    msg_p.add_argument("recipient", help="Recipient ID")\\n    msg_p.add_argument("--channel", default=None, help="Filter by communication channel")\\n    msg_p.add_argument("--min-id", type=int, default=None, help="Filter by minimum message ID")\\n\'\'\'\nif old not in text:\n    raise SystemExit(\'argparse insertion point not found\')\ntext = text.replace(old, new, 1)\npath.write_text(text)\nPY\n'] min_timeout_sec: 0.1 max_timeout_sec: 180.0
Sending keys: ['grep -n "channel\\|recipient\\|min-id" notify_filter.py\n'] min_timeout_sec: 0.1 max_timeout_sec: 180.0
Trajectory dumped to AI_grader\results\final_submission\rollouts\env09__vzYfAvv\agent\trajectory.json
Trajectory dumped to AI_grader\results\final_submission\rollouts\env09__vzYfAvv\agent\trajectory.json
Collecting main service artifacts
Sending keys: ['pytest -q\n'] min_timeout_sec: 5.0 max_timeout_sec: 180.0
Sending keys: ['rm -f /tmp/db_dumper_test.db /tmp/db_dumper_full.sql /tmp/db_dumper_users.sql\npython3 - <<\'PY\'\nimport sqlite3\nconn = sqlite3.connect(\'/tmp/db_dumper_test.db\')\ncur = conn.cursor()\ncur.execute(\'CREATE TABLE users (id INTEGER PRIMARY KEY, name TEXT)\')\ncur.execute(\'CREATE TABLE orders (id INTEGER PRIMARY KEY, item TEXT)\')\ncur.execute(\'INSERT INTO users (name) VALUES (?)\', ("Alice",))\ncur.execute(\'INSERT INTO orders (item) VALUES (?)\', ("Widget",))\nconn.commit()\nconn.close()\nPY\npython3 db_dumper.py dump /tmp/db_dumper_test.db /tmp/db_dumper_full.sql\npython3 db_dumper.py dump /tmp/db_dumper_test.db /tmp/db_dumper_users.sql --table users\npython3 db_dumper.py tables /tmp/db_dumper_test.db\nprintf \'\\n--- filtered dump ---\\n\'\ncat /tmp/db_dumper_users.sql\nprintf \'\\n--- checks ---\\n\'\ngrep -q \'CREATE TABLE users\' /tmp/db_dumper_users.sql && echo \'users schema ok\'\ngrep -q \'Alice\' /tmp/db_dumper_users.sql && echo \'users row ok\'\nif grep -q \'orders\\|Widget\' /tmp/db_dumper_users.sql; then echo \'unexpected orders data found\'; exit 1; else echo \'orders excluded ok\'; fi\n'] min_timeout_sec: 1.0 max_timeout_sec: 180.0
Trajectory dumped to AI_grader\results\final_submission\rollouts\env05__hEpvJMq\agent\trajectory.json
Sending keys: ['python notify_filter.py messages user101 | wc -l && python notify_filter.py messages user101 --channel email\n'] min_timeout_sec: 1.0 max_timeout_sec: 180.0
Sending keys: ['python3 - <<\'PY\'\nfrom pathlib import Path\np = Path(\'archiver.py\')\ns = p.read_text()\ns = s.replace(\'import os\\nimport sys\\n\', \'import os\\nimport shlex\\nimport sys\\n\')\ns = s.replace(\'def create_archive(source_dir: str, output_path: str) -> None:\\n\', \'def create_archive(source_dir: str, output_path: str, exclude: str = None) -> None:\\n\')\ns = s.replace(\'    cmd = f"tar -czf {output_path} -C {source_dir} ."\\n    run_cmd(cmd)\\n\', \'    exclude_arg = f"--exclude={shlex.quote(exclude)} " if exclude else ""\\n    cmd = f"tar {exclude_arg}-czf {output_path} -C {source_dir} ."\\n    run_cmd(cmd)\\n\')\ns = s.replace(\'    create_parser.add_argument("output_path", help="Target archive path")\\n\', \'    create_parser.add_argument("output_path", help="Target archive path")\\n    create_parser.add_argument("--exclude", help="Pattern to exclude from archive")\\n\')\ns = s.replace(\'        create_archive(args.source_dir, args.output_path)\\n\', \'        create_archive(args.source_dir, args.output_path, args.exclude)\\n\')\np.write_text(s)\nPY\n\ngit diff -- archiver.py || true\nsed -n \'1,220p\' archiver.py\n'] min_timeout_sec: 0.1 max_timeout_sec: 180.0
Trajectory dumped to AI_grader\results\final_submission\rollouts\env10__rQ6SXNZ\agent\trajectory.json
Trajectory dumped to AI_grader\results\final_submission\rollouts\env01__QfsXo2i\agent\trajectory.json
Trajectory dumped to AI_grader\results\final_submission\rollouts\env10__rQ6SXNZ\agent\trajectory.json
Trajectory dumped to AI_grader\results\final_submission\rollouts\env10__rQ6SXNZ\agent\trajectory.json
Trajectory dumped to AI_grader\results\final_submission\rollouts\env10__rQ6SXNZ\agent\trajectory.json
Collecting main service artifacts
Sending keys: ["set -e\nrm -rf /tmp/archiver_hotfix_test\nmkdir -p /tmp/archiver_hotfix_test/src/cache /tmp/archiver_hotfix_test/extract\nprintf 'keep' > /tmp/archiver_hotfix_test/src/keep.txt\nprintf 'tmp' > /tmp/archiver_hotfix_test/src/drop.tmp\nprintf 'log' > /tmp/archiver_hotfix_test/src/app.log\nprintf 'cache' > /tmp/archiver_hotfix_test/src/cache/data.txt\npython3 archiver.py create /tmp/archiver_hotfix_test/src /tmp/archiver_hotfix_test/all.tar.gz\npython3 archiver.py list /tmp/archiver_hotfix_test/all.tar.gz\npython3 archiver.py create /tmp/archiver_hotfix_test/src /tmp/archiver_hotfix_test/no_tmp.tar.gz --exclude '*.tmp'\npython3 archiver.py list /tmp/archiver_hotfix_test/no_tmp.tar.gz\npython3 archiver.py create /tmp/archiver_hotfix_test/src /tmp/archiver_hotfix_test/no_log.tar.gz --exclude '*.log'\npython3 archiver.py list /tmp/archiver_hotfix_test/no_log.tar.gz\npython3 archiver.py create /tmp/archiver_hotfix_test/src /tmp/archiver_hotfix_test/no_cache.tar.gz --exclude 'cache/*'\npython3 archiver.py list /tmp/archiver_hotfix_test/no_cache.tar.gz\npython3 archiver.py extract /tmp/archiver_hotfix_test/no_tmp.tar.gz /tmp/archiver_hotfix_test/extract\nfind /tmp/archiver_hotfix_test/extract -type f | sort\npython3 archiver.py create --help\n"] min_timeout_sec: 1.0 max_timeout_sec: 180.0
Skipping image OS validation for hb__51a18a21825bb35a72279b8a6a2a206f: docker inspect returned 1
Trajectory dumped to AI_grader\results\final_submission\rollouts\env01__QfsXo2i\agent\trajectory.json
Installing: tmux, asciinema
Detected system: {'os': 'debian-based', 'package_manager': 'apt-get', 'update_command': None}
Installing tools using apt-get: DEBIAN_FRONTEND=noninteractive apt-get update && DEBIAN_FRONTEND=noninteractive apt-get install -y tmux asciinema
Sending keys: ['find tests -maxdepth 2 -type f -print\n'] min_timeout_sec: 0.1 max_timeout_sec: 180.0
Skipping image OS validation for hb__b3d5cbe40d9bae79bfd2c54d23dc837c: docker inspect returned 1
Sending keys: ['python3 -m pytest -q\n'] min_timeout_sec: 5.0 max_timeout_sec: 180.0
Installing: tmux, asciinema
Detected system: {'os': 'debian-based', 'package_manager': 'apt-get', 'update_command': None}
Installing tools using apt-get: DEBIAN_FRONTEND=noninteractive apt-get update && DEBIAN_FRONTEND=noninteractive apt-get install -y tmux asciinema
Trajectory dumped to AI_grader\results\final_submission\rollouts\env01__QfsXo2i\agent\trajectory.json
Trajectory dumped to AI_grader\results\final_submission\rollouts\env01__QfsXo2i\agent\trajectory.json
Trajectory dumped to AI_grader\results\final_submission\rollouts\env05__hEpvJMq\agent\trajectory.json
Starting recording.
Sending keys: ['asciinema rec --stdin /logs/agent/recording.cast', 'Enter'] min_timeout_sec: 1.0 max_timeout_sec: 180.0
Sending keys: ['clear', 'Enter'] min_timeout_sec: 0.0 max_timeout_sec: 180.0
Trajectory dumped to AI_grader\results\final_submission\rollouts\env01__QfsXo2i\agent\trajectory.json
Trajectory dumped to AI_grader\results\final_submission\rollouts\env01__QfsXo2i\agent\trajectory.json
Collecting main service artifacts
Sending keys: ['ls -la\n'] min_timeout_sec: 0.1 max_timeout_sec: 180.0
Sending keys: ["sed -n '1,240p' compressor.py\n"] min_timeout_sec: 0.1 max_timeout_sec: 180.0
Trajectory dumped to AI_grader\results\final_submission\rollouts\env02__Tu2gfiB\agent\trajectory.json
Starting recording.
Sending keys: ['asciinema rec --stdin /logs/agent/recording.cast', 'Enter'] min_timeout_sec: 1.0 max_timeout_sec: 180.0
Sending keys: ['clear', 'Enter'] min_timeout_sec: 0.0 max_timeout_sec: 180.0
Sending keys: ['ls -la\n'] min_timeout_sec: 0.1 max_timeout_sec: 180.0
Sending keys: ["sed -n '1,220p' report_gen.py\n"] min_timeout_sec: 0.1 max_timeout_sec: 180.0
Trajectory dumped to AI_grader\results\final_submission\rollouts\env05__hEpvJMq\agent\trajectory.json
Trajectory dumped to AI_grader\results\final_submission\rollouts\env05__hEpvJMq\agent\trajectory.json
Collecting main service artifacts
Sending keys: ["sed -n '1,220p' md2html.py\n"] min_timeout_sec: 0.1 max_timeout_sec: 180.0
Sending keys: ["sed -n '1,260p' tests/test_report_gen.py\n"] min_timeout_sec: 0.1 max_timeout_sec: 180.0
Trajectory dumped to AI_grader\results\final_submission\rollouts\env03__zeEpiWF\agent\trajectory.json
Skipping image OS validation for hb__bfab43820eae5fff8305777c4652cbb2: docker inspect returned 1
Sending keys: ['python3 - <<\'PY\'\nfrom pathlib import Path\np = Path(\'compressor.py\')\ns = p.read_text()\ns = s.replace(\'def compress_directory(target_dir: str) -> None:\\n\', \'def compress_directory(target_dir: str, ext: str = None) -> None:\\n\')\ns = s.replace(\'    if not os.path.exists(target_dir):\\n        raise FileNotFoundError(f"Target directory \\\'{target_dir}\\\' does not exist.")\\n\\n    for filename in os.listdir(target_dir):\\n\', \'    if not os.path.exists(target_dir):\\n        raise FileNotFoundError(f"Target directory \\\'{target_dir}\\\' does not exist.")\\n\\n    if ext and not ext.startswith("."):\\n        ext = f".{ext}"\\n\\n    for filename in os.listdir(target_dir):\\n\')\ns = s.replace(\'        if os.path.isfile(filepath) and not filepath.endswith(".gz"):\\n            run_cmd(f"gzip -k {filepath}")\\n\', \'        if os.path.isfile(filepath) and not filepath.endswith(".gz"):\\n            if ext and not filename.endswith(ext):\\n                continue\\n            run_cmd(f"gzip -k {filepath}")\\n\')\ns = s.replace(\'    comp_parser.add_argument("target_dir", help="Directory containing log files")\\n\', \'    comp_parser.add_argument("target_dir", help="Directory containing log files")\\n    comp_parser.add_argument("--ext", help="Only compress files with this extension")\\n\')\ns = s.replace(\'        compress_directory(args.target_dir)\\n\', \'        compress_directory(args.target_dir, args.ext)\\n\')\np.write_text(s)\nPY\nsed -n \'1,220p\' compressor.py\npython3 -m py_compile compressor.py\n'] min_timeout_sec: 1.0 max_timeout_sec: 180.0
Installing: tmux, asciinema
Sending keys: ['tmp=$(mktemp -d)\nprintf \'log data\\n\' > "$tmp/app.log"\nprintf \'text data\\n\' > "$tmp/readme.txt"\nprintf \'other data\\n\' > "$tmp/other"\npython3 compressor.py compress "$tmp" --ext log\nls -1 "$tmp" | sort\ntest -f "$tmp/app.log.gz" && test ! -f "$tmp/readme.txt.gz" && test ! -f "$tmp/other.gz"\nrm -rf "$tmp"\n'] min_timeout_sec: 1.0 max_timeout_sec: 180.0
Detected system: {'os': 'debian-based', 'package_manager': 'apt-get', 'update_command': None}
Installing tools using apt-get: DEBIAN_FRONTEND=noninteractive apt-get update && DEBIAN_FRONTEND=noninteractive apt-get install -y tmux asciinema
Sending keys: ['tmp=$(mktemp -d)\nprintf \'log data\\n\' > "$tmp/app.log"\nprintf \'text data\\n\' > "$tmp/readme.txt"\npython3 compressor.py compress "$tmp"\nls -1 "$tmp" | sort\ntest -f "$tmp/app.log.gz" && test -f "$tmp/readme.txt.gz"\npython3 compressor.py status "$tmp"\npython3 compressor.py decompress "$tmp/app.log.gz"\nrm -rf "$tmp"\n'] min_timeout_sec: 1.0 max_timeout_sec: 180.0
Trajectory dumped to AI_grader\results\final_submission\rollouts\env02__Tu2gfiB\agent\trajectory.json
Skipping image OS validation for hb__e5276827ae5ec9329727c8810f8bd076: docker inspect returned 1
Installing: tmux, asciinema
Detected system: {'os': 'debian-based', 'package_manager': 'apt-get', 'update_command': None}
Installing tools using apt-get: DEBIAN_FRONTEND=noninteractive apt-get update && DEBIAN_FRONTEND=noninteractive apt-get install -y tmux asciinema
Sending keys: ['python3 - <<\'PY\'\nfrom pathlib import Path\npath = Path(\'report_gen.py\')\ntext = path.read_text()\ntext = text.replace(\n\'\'\'def render_document(input_file: str, output_file: str) -> None:\\n    """Render a markdown document to HTML using the project converter."""\\n    if not os.path.exists(input_file):\\n        raise FileNotFoundError(f"Input file \'{input_file}\' does not exist.")\\n    cmd = f"{sys.executable} {_CONVERTER} {input_file} {output_file}"\\n    result = subprocess.run(cmd, shell=True, capture_output=True, text=True)\\n\'\'\',\n\'\'\'def render_document(input_file: str, output_file: str, title: str | None = None) -> None:\\n    """Render a markdown document to HTML using the project converter."""\\n    if not os.path.exists(input_file):\\n        raise FileNotFoundError(f"Input file \'{input_file}\' does not exist.")\\n    cmd = f"{sys.executable} {_CONVERTER} {input_file} {output_file}"\\n    if title:\\n        cmd += f" --title {title}"\\n    result = subprocess.run(cmd, shell=True, capture_output=True, text=True)\\n\'\'\')\ntext = text.replace(\n\'\'\'    render_p.add_argument("input_file", help="Source document")\\n    render_p.add_argument("output_file", help="Destination HTML file")\\n\'\'\',\n\'\'\'    render_p.add_argument("input_file", help="Source document")\\n    render_p.add_argument("output_file", help="Destination HTML file")\\n    render_p.add_argument("--title", nargs="*", default=None, help="Report title")\\n\'\'\')\ntext = text.replace(\n\'\'\'    if args.command == "render":\\n        render_document(args.input_file, args.output_file)\\n\'\'\',\n\'\'\'    if args.command == "render":\\n        title = " ".join(args.title) if args.title else None\\n        render_document(args.input_file, args.output_file, title=title)\\n\'\'\')\npath.write_text(text)\nPY\n'] min_timeout_sec: 0.1 max_timeout_sec: 180.0
Starting recording.
Sending keys: ['asciinema rec --stdin /logs/agent/recording.cast', 'Enter'] min_timeout_sec: 1.0 max_timeout_sec: 180.0
Sending keys: ["sed -n '1,220p' report_gen.py\n"] min_timeout_sec: 0.1 max_timeout_sec: 180.0
Sending keys: ['pytest -q\n'] min_timeout_sec: 2.0 max_timeout_sec: 180.0
Sending keys: ['clear', 'Enter'] min_timeout_sec: 0.0 max_timeout_sec: 180.0
Trajectory dumped to AI_grader\results\final_submission\rollouts\env03__zeEpiWF\agent\trajectory.json
Sending keys: ['python3 - <<\'PY\'\nfrom pathlib import Path\np = Path(\'compressor.py\')\ns = p.read_text()\nold = \'\'\'    if not os.path.exists(target_dir):\n        raise FileNotFoundError(f"Target directory \'{target_dir}\' does not exist.")\n\n    for filename in os.listdir(target_dir):\n\'\'\'\nnew = \'\'\'    if not os.path.exists(target_dir):\n        raise FileNotFoundError(f"Target directory \'{target_dir}\' does not exist.")\n\n    if ext and not ext.startswith("."):\n        ext = f".{ext}"\n\n    for filename in os.listdir(target_dir):\n\'\'\'\nif old not in s:\n    raise SystemExit(\'expected insertion point not found\')\np.write_text(s.replace(old, new, 1))\nPY\nsed -n \'1,80p\' compressor.py\npython3 -m py_compile compressor.py\n'] min_timeout_sec: 1.0 max_timeout_sec: 180.0
Sending keys: ['tmp=$(mktemp -d)\nprintf \'log data\\n\' > "$tmp/app.log"\nprintf \'not an extension\\n\' > "$tmp/catalog"\nprintf \'text data\\n\' > "$tmp/readme.txt"\npython3 compressor.py compress "$tmp" --ext log\nls -1 "$tmp" | sort\ntest -f "$tmp/app.log.gz" && test ! -f "$tmp/catalog.gz" && test ! -f "$tmp/readme.txt.gz"\nrm -rf "$tmp"\n'] min_timeout_sec: 1.0 max_timeout_sec: 180.0
Sending keys: ['tmp=$(mktemp -d)\nprintf \'log data\\n\' > "$tmp/app.log"\nprintf \'text data\\n\' > "$tmp/readme.txt"\npython3 compressor.py compress "$tmp" --ext .log\nls -1 "$tmp" | sort\ntest -f "$tmp/app.log.gz" && test ! -f "$tmp/readme.txt.gz"\nrm -rf "$tmp"\n'] min_timeout_sec: 1.0 max_timeout_sec: 180.0
Sending keys: ['ls -la\n'] min_timeout_sec: 0.1 max_timeout_sec: 180.0
Sending keys: ["sed -n '1,240p' transcoder.py\n"] min_timeout_sec: 0.1 max_timeout_sec: 180.0
Sending keys: ["sed -n '1,260p' tests/test_transcoder.py\n"] min_timeout_sec: 0.1 max_timeout_sec: 180.0
Sending keys: ['tmp=$(mktemp -d)\nprintf \'log data\\n\' > "$tmp/app.log"\nprintf \'text data\\n\' > "$tmp/readme.txt"\npython3 compressor.py compress "$tmp"\npython3 compressor.py status "$tmp"\ntest -f "$tmp/app.log.gz" && test -f "$tmp/readme.txt.gz"\nrm -rf "$tmp"\n'] min_timeout_sec: 1.0 max_timeout_sec: 180.0
Trajectory dumped to AI_grader\results\final_submission\rollouts\env04__MiEWETi\agent\trajectory.json
Trajectory dumped to AI_grader\results\final_submission\rollouts\env02__Tu2gfiB\agent\trajectory.json
Sending keys: ["sed -n '1,260p' media_process.py\n"] min_timeout_sec: 0.1 max_timeout_sec: 180.0
Sending keys: ["sed -n '1,160p' utils/shell.py\n"] min_timeout_sec: 0.1 max_timeout_sec: 180.0
Starting recording.
Sending keys: ['asciinema rec --stdin /logs/agent/recording.cast', 'Enter'] min_timeout_sec: 1.0 max_timeout_sec: 180.0
Trajectory dumped to AI_grader\results\final_submission\rollouts\env04__MiEWETi\agent\trajectory.json
Sending keys: ['clear', 'Enter'] min_timeout_sec: 0.0 max_timeout_sec: 180.0
Sending keys: ['ls -la\n'] min_timeout_sec: 0.1 max_timeout_sec: 180.0
Sending keys: ["sed -n '1,240p' db_dumper.py\n"] min_timeout_sec: 0.1 max_timeout_sec: 180.0
Sending keys: ['python3 - <<\'PY\'\nfrom pathlib import Path\np = Path(\'transcoder.py\')\ns = p.read_text()\ns = s.replace(\n    \'    cmd = f"{sys.executable} {_HELPER} transcode {input_file} {output_file}"\\n    result = run_cmd(cmd)\\n\',\n    \'    cmd = f"{sys.executable} {_HELPER} transcode {input_file} {output_file}"\\n    if scale:\\n        cmd += f" --scale {scale}"\\n    result = run_cmd(cmd)\\n\'\n)\ns = s.replace(\n    \'    trans_p.add_argument("output_file", help="Target media file")\\n\',\n    \'    trans_p.add_argument("output_file", help="Target media file")\\n    trans_p.add_argument("--scale", default=None, help="Scale output resolution as width:height")\\n\'\n)\np.write_text(s)\nPY\n'] min_timeout_sec: 0.1 max_timeout_sec: 180.0
Sending keys: ["sed -n '1,120p' transcoder.py\n"] min_timeout_sec: 0.1 max_timeout_sec: 180.0
Trajectory dumped to AI_grader\results\final_submission\rollouts\env05__nsgQeS9\agent\trajectory.json
Sending keys: ['pytest -q\n'] min_timeout_sec: 2.0 max_timeout_sec: 180.0
Trajectory dumped to AI_grader\results\final_submission\rollouts\env04__MiEWETi\agent\trajectory.json
Sending keys: ['python3 - <<\'PY\'\nfrom pathlib import Path\np = Path(\'compressor.py\')\ns = p.read_text()\nif \'if ext and not ext.startswith("."):\' not in s:\n    marker = \'    for filename in os.listdir(target_dir):\\n\'\n    idx = s.find(marker)\n    if idx == -1:\n        raise SystemExit(\'compression loop not found\')\n    block = \'    if ext and not ext.startswith("."):\\n        ext = f".{ext}"\\n\\n\'\n    s = s[:idx] + block + s[idx:]\n    p.write_text(s)\nPY\nsed -n \'1,90p\' compressor.py\npython3 -m py_compile compressor.py\n'] min_timeout_sec: 1.0 max_timeout_sec: 180.0
Sending keys: ['set -e\ntmp=$(mktemp -d)\nprintf \'log data\\n\' > "$tmp/app.log"\nprintf \'not an extension\\n\' > "$tmp/catalog"\nprintf \'text data\\n\' > "$tmp/readme.txt"\npython3 compressor.py compress "$tmp" --ext log\nls -1 "$tmp" | sort\ntest -f "$tmp/app.log.gz"\ntest ! -f "$tmp/catalog.gz"\ntest ! -f "$tmp/readme.txt.gz"\nrm -rf "$tmp"\nset +e\n'] min_timeout_sec: 1.0 max_timeout_sec: 180.0
Sending keys: ['set -e\ntmp=$(mktemp -d)\nprintf \'log data\\n\' > "$tmp/app.log"\nprintf \'text data\\n\' > "$tmp/readme.txt"\npython3 compressor.py compress "$tmp" --ext .log\nls -1 "$tmp" | sort\ntest -f "$tmp/app.log.gz"\ntest ! -f "$tmp/readme.txt.gz"\nrm -rf "$tmp"\nset +e\n'] min_timeout_sec: 1.0 max_timeout_sec: 180.0
Sending keys: ['set -e\ntmp=$(mktemp -d)\nprintf \'log data\\n\' > "$tmp/app.log"\nprintf \'text data\\n\' > "$tmp/readme.txt"\npython3 compressor.py compress "$tmp"\npython3 compressor.py status "$tmp"\ntest -f "$tmp/app.log.gz"\ntest -f "$tmp/readme.txt.gz"\npython3 compressor.py decompress "$tmp/app.log.gz" || true\nrm -rf "$tmp"\nset +e\n'] min_timeout_sec: 1.0 max_timeout_sec: 180.0
Trajectory dumped to AI_grader\results\final_submission\rollouts\env02__Tu2gfiB\agent\trajectory.json
Sending keys: ["python3 - <<'PY'\nimport sys, os\nprint(os.getcwd())\nprint(sys.path[:5])\nimport report_gen\nprint(report_gen.__file__)\nPY\n"] min_timeout_sec: 0.1 max_timeout_sec: 180.0
Sending keys: ["python3 - <<'PY'\nimport os, sys\nprint(os.getcwd())\nprint(sys.path)\nimport transcoder\nprint(transcoder.__file__)\nPY\n"] min_timeout_sec: 0.1 max_timeout_sec: 180.0
Sending keys: ['python3 -m pytest -q\n'] min_timeout_sec: 2.0 max_timeout_sec: 180.0
Sending keys: ['PYTHONPATH=. pytest -q\n'] min_timeout_sec: 2.0 max_timeout_sec: 180.0
Sending keys: ['python3 - <<\'PY\'\nfrom pathlib import Path\npath = Path(\'report_gen.py\')\ntext = path.read_text()\nif \'import shlex\\n\' not in text:\n    text = text.replace(\'import os\\nimport subprocess\\n\', \'import os\\nimport shlex\\nimport subprocess\\n\')\ntext = text.replace(\'cmd += f" --title {title}"\', \'cmd += f" --title {shlex.quote(title)}"\')\npath.write_text(text)\nPY\n'] min_timeout_sec: 0.1 max_timeout_sec: 180.0
Sending keys: ['python3 -m pytest -q\n'] min_timeout_sec: 2.0 max_timeout_sec: 180.0
Trajectory dumped to AI_grader\results\final_submission\rollouts\env04__MiEWETi\agent\trajectory.json
Trajectory dumped to AI_grader\results\final_submission\rollouts\env03__zeEpiWF\agent\trajectory.json
Sending keys: ['set +e\nrm -rf "$tmp"\nfind tests -maxdepth 2 -type f -print\n'] min_timeout_sec: 0.1 max_timeout_sec: 180.0
Sending keys: ['python3 -m pytest -q\n'] min_timeout_sec: 5.0 max_timeout_sec: 180.0
Sending keys: ['python3 - <<\'PY\'\nfrom pathlib import Path\np = Path(\'db_dumper.py\')\ns = p.read_text()\ns = s.replace(\'\'\'    conn = sqlite3.connect(db_path)\\n    with open(output_path, "w") as f:\\n        for line in conn.iterdump():\\n            f.write(f"{line}\\\\n")\\n    conn.close()\\n\'\'\', \'\'\'    conn = sqlite3.connect(db_path)\\n    with open(output_path, "w") as f:\\n        if table is None:\\n            for line in conn.iterdump():\\n                f.write(f"{line}\\\\n")\\n        else:\\n            cur = conn.cursor()\\n            cur.execute("SELECT sql FROM sqlite_master WHERE type=\'table\' AND name=?;", (table,))\\n            row = cur.fetchone()\\n            if row is None:\\n                conn.close()\\n                raise ValueError(f"Table \'{table}\' not found.")\\n\\n            def quote_identifier(identifier: str) -> str:\\n                return \'"\' + identifier.replace(\'"\', \'""\') + \'"\'\\n\\n            table_name = quote_identifier(table)\\n            f.write("BEGIN TRANSACTION;\\\\n")\\n            f.write(f"{row[0]};\\\\n")\\n\\n            cur.execute(f"PRAGMA table_info({table_name});")\\n            columns = [quote_identifier(r[1]) for r in cur.fetchall()]\\n            cur.execute(f"SELECT {\', \'.join(f\'quote({c})\' for c in columns)} FROM {table_name};")\\n            for values in cur.fetchall():\\n                f.write(f"INSERT INTO {table_name} VALUES({\',\'.join(values)});\\\\n")\\n            f.write("COMMIT;\\\\n")\\n    conn.close()\\n\'\'\')\ns = s.replace(\'\'\'    dump_p.add_argument("output_path", help="Output SQL dump file")\\n\'\'\', \'\'\'    dump_p.add_argument("output_path", help="Output SQL dump file")\\n    dump_p.add_argument("--table", help="Only dump the specified table")\\n\'\'\')\np.write_text(s)\nPY\nsed -n \'1,220p\' db_dumper.py\n'] min_timeout_sec: 0.1 max_timeout_sec: 180.0
Trajectory dumped to AI_grader\results\final_submission\rollouts\env02__Tu2gfiB\agent\trajectory.json
Trajectory dumped to AI_grader\results\final_submission\rollouts\env05__nsgQeS9\agent\trajectory.json
Sending keys: ['pytest -q\n'] min_timeout_sec: 2.0 max_timeout_sec: 180.0
Trajectory dumped to AI_grader\results\final_submission\rollouts\env02__Tu2gfiB\agent\trajectory.json
Sending keys: ["sed -n '1,220p' report_gen.py\n"] min_timeout_sec: 0.1 max_timeout_sec: 180.0
Sending keys: ['tmpdir=$(mktemp -d); printf \'# Body\\nText\\n\' > "$tmpdir/in.md"; python3 report_gen.py render "$tmpdir/in.md" "$tmpdir/out.html" --title "Quarterly Review"; grep -E \'<title>Quarterly Review</title>|<h1>Quarterly Review</h1>\' "$tmpdir/out.html"; rm -rf "$tmpdir"\n'] min_timeout_sec: 1.0 max_timeout_sec: 180.0
Sending keys: ["diff -u <(sed 's/$//' /dev/null) <(git diff -- transcoder.py 2>/dev/null || true)\n"] min_timeout_sec: 0.1 max_timeout_sec: 180.0
Trajectory dumped to AI_grader\results\final_submission\rollouts\env02__Tu2gfiB\agent\trajectory.json
Trajectory dumped to AI_grader\results\final_submission\rollouts\env02__Tu2gfiB\agent\trajectory.json
Collecting main service artifacts
Sending keys: ['python3 -m pytest -q\n'] min_timeout_sec: 2.0 max_timeout_sec: 180.0
Trajectory dumped to AI_grader\results\final_submission\rollouts\env03__zeEpiWF\agent\trajectory.json
Sending keys: ['python3 -m py_compile db_dumper.py\n'] min_timeout_sec: 0.5 max_timeout_sec: 180.0
Sending keys: ["find tests -maxdepth 2 -type f -print -exec sed -n '1,220p' {} \\;\n"] min_timeout_sec: 0.5 max_timeout_sec: 180.0
Trajectory dumped to AI_grader\results\final_submission\rollouts\env04__MiEWETi\agent\trajectory.json
Sending keys: ['python3 - <<\'PY\'\nimport sqlite3\nfrom pathlib import Path\nfor name in (\'/tmp/dumper_test.db\', \'/tmp/full.sql\', \'/tmp/users.sql\', \'/tmp/restored.db\'):\n    Path(name).unlink(missing_ok=True)\nconn = sqlite3.connect(\'/tmp/dumper_test.db\')\ncur = conn.cursor()\ncur.execute(\'CREATE TABLE users (id INTEGER PRIMARY KEY, name TEXT, note TEXT)\')\ncur.execute(\'CREATE TABLE orders (id INTEGER PRIMARY KEY, user_id INTEGER, amount REAL)\')\ncur.execute(\'INSERT INTO users VALUES (1, ?, ?)\', ("O\'Reilly", None))\ncur.execute(\'INSERT INTO orders VALUES (1, 1, 12.5)\')\nconn.commit()\nconn.close()\nPY\npython3 db_dumper.py dump /tmp/dumper_test.db /tmp/full.sql\npython3 db_dumper.py dump /tmp/dumper_test.db /tmp/users.sql --table users\npython3 db_dumper.py tables /tmp/dumper_test.db\nprintf \'\\n--- full ---\\n\'; cat /tmp/full.sql\nprintf \'\\n--- users only ---\\n\'; cat /tmp/users.sql\npython3 - <<\'PY\'\nimport sqlite3\nsql = open(\'/tmp/users.sql\').read()\nassert \'CREATE TABLE users\' in sql\nassert \'INSERT INTO "users"\' in sql\nassert \'orders\' not in sql\nconn = sqlite3.connect(\'/tmp/restored.db\')\nconn.executescript(sql)\nrows = conn.execute(\'SELECT id, name, note FROM users\').fetchall()\nassert rows == [(1, "O\'Reilly", None)], rows\nconn.close()\nprint(\'functional checks passed\')\nPY\n'] min_timeout_sec: 1.0 max_timeout_sec: 180.0
Trajectory dumped to AI_grader\results\final_submission\rollouts\env05__nsgQeS9\agent\trajectory.json
Trajectory dumped to AI_grader\results\final_submission\rollouts\env04__MiEWETi\agent\trajectory.json
Skipping image OS validation for hb__ad69dadd88fb090de5dc4fc7b2313c43: docker inspect returned 1
Trajectory dumped to AI_grader\results\final_submission\rollouts\env04__MiEWETi\agent\trajectory.json
Trajectory dumped to AI_grader\results\final_submission\rollouts\env04__MiEWETi\agent\trajectory.json
Collecting main service artifacts
Installing: tmux, asciinema
Sending keys: ['pytest -q\n'] min_timeout_sec: 2.0 max_timeout_sec: 180.0
Detected system: {'os': 'debian-based', 'package_manager': 'apt-get', 'update_command': None}
Installing tools using apt-get: DEBIAN_FRONTEND=noninteractive apt-get update && DEBIAN_FRONTEND=noninteractive apt-get install -y tmux asciinema
Sending keys: ["diff -u <(python3 - <<'PY'\nprint('')\nPY\n) <(true) >/dev/null 2>&1 || true\ngit diff -- db_dumper.py\n"] min_timeout_sec: 0.5 max_timeout_sec: 180.0
Trajectory dumped to AI_grader\results\final_submission\rollouts\env05__nsgQeS9\agent\trajectory.json
Skipping image OS validation for hb__20edb5e1092aa3a8393aaed7d2758dbf: docker inspect returned 1
Installing: tmux, asciinema
Detected system: {'os': 'debian-based', 'package_manager': 'apt-get', 'update_command': None}
Installing tools using apt-get: DEBIAN_FRONTEND=noninteractive apt-get update && DEBIAN_FRONTEND=noninteractive apt-get install -y tmux asciinema
Sending keys: ['PYTHONPATH=/workspace pytest -q\n'] min_timeout_sec: 2.0 max_timeout_sec: 180.0
Sending keys: ["cat > pytest.ini <<'EOF'\n[pytest]\npythonpath = .\nEOF\n"] min_timeout_sec: 0.1 max_timeout_sec: 180.0
Sending keys: ['pytest -q\n'] min_timeout_sec: 2.0 max_timeout_sec: 180.0
Sending keys: ['python3 db_dumper.py dump --help\n'] min_timeout_sec: 0.2 max_timeout_sec: 180.0
Sending keys: ["sed -n '1,90p' db_dumper.py\n"] min_timeout_sec: 0.1 max_timeout_sec: 180.0
Starting recording.
Sending keys: ['asciinema rec --stdin /logs/agent/recording.cast', 'Enter'] min_timeout_sec: 1.0 max_timeout_sec: 180.0
Trajectory dumped to AI_grader\results\final_submission\rollouts\env05__nsgQeS9\agent\trajectory.json
Sending keys: ['clear', 'Enter'] min_timeout_sec: 0.0 max_timeout_sec: 180.0
Sending keys: ['tmpdir=$(mktemp -d); printf \'# Body\\nText\\n\' > "$tmpdir/in.md"; python3 report_gen.py render "$tmpdir/in.md" "$tmpdir/out.html" --title "Quarterly Review"; grep -E \'<title>Quarterly Review</title>|<h1>Quarterly Review</h1>\' "$tmpdir/out.html"; rm -rf "$tmpdir"\n'] min_timeout_sec: 1.0 max_timeout_sec: 180.0
Trajectory dumped to AI_grader\results\final_submission\rollouts\env03__zeEpiWF\agent\trajectory.json
Sending keys: ['ls -la\n'] min_timeout_sec: 0.1 max_timeout_sec: 180.0
Sending keys: ["sed -n '1,240p' product_search.py\n"] min_timeout_sec: 0.1 max_timeout_sec: 180.0
Sending keys: ["sed -n '1,240p' tests/test_search.py\n"] min_timeout_sec: 0.1 max_timeout_sec: 180.0
Trajectory dumped to AI_grader\results\final_submission\rollouts\env06__zfVBSgA\agent\trajectory.json
Starting recording.
Sending keys: ['asciinema rec --stdin /logs/agent/recording.cast', 'Enter'] min_timeout_sec: 1.0 max_timeout_sec: 180.0
Trajectory dumped to AI_grader\results\final_submission\rollouts\env05__nsgQeS9\agent\trajectory.json
Trajectory dumped to AI_grader\results\final_submission\rollouts\env03__zeEpiWF\agent\trajectory.json
Sending keys: ['clear', 'Enter'] min_timeout_sec: 0.0 max_timeout_sec: 180.0
Sending keys: ["sed -n '1,240p' init_db.py\n"] min_timeout_sec: 0.1 max_timeout_sec: 180.0
Sending keys: ['python3 - <<\'PY\'\nfrom pathlib import Path\np = Path(\'product_search.py\')\ns = p.read_text()\ns = s.replace(\'\'\'    if min_price is not None:\\n        conditions.append(f"price >= {min_price}")\\n\\n    sql = _build_product_query(base, conditions)\\n\'\'\', \'\'\'    if min_price is not None:\\n        conditions.append(f"price >= {min_price}")\\n    if category:\\n        conditions.append(f"category = \'{category}\'")\\n\\n    sql = _build_product_query(base, conditions)\\n\'\'\')\ns = s.replace(\'\'\'    search_p.add_argument("--min-price", type=float, default=None, help="Minimum product price")\\n\\n    list_p = subparsers.add_parser("list", help="List all active products")\\n\'\'\', \'\'\'    search_p.add_argument("--min-price", type=float, default=None, help="Minimum product price")\\n    search_p.add_argument("--category", help="Filter by exact category")\\n\\n    list_p = subparsers.add_parser("list", help="List all active products")\\n\'\'\')\np.write_text(s)\nPY\n'] min_timeout_sec: 0.1 max_timeout_sec: 180.0
Sending keys: ["sed -n '1,140p' product_search.py\n"] min_timeout_sec: 0.1 max_timeout_sec: 180.0
Trajectory dumped to AI_grader\results\final_submission\rollouts\env05__nsgQeS9\agent\trajectory.json
Trajectory dumped to AI_grader\results\final_submission\rollouts\env05__nsgQeS9\agent\trajectory.json
Collecting main service artifacts
Sending keys: ['pytest -q\n'] min_timeout_sec: 5.0 max_timeout_sec: 180.0
Sending keys: ['ls -la\n'] min_timeout_sec: 0.1 max_timeout_sec: 180.0
Sending keys: ["sed -n '1,240p' audit_viewer.py\n"] min_timeout_sec: 0.1 max_timeout_sec: 180.0
Sending keys: ["sed -n '1,240p' tests/test_audit.py\n"] min_timeout_sec: 0.1 max_timeout_sec: 180.0
Trajectory dumped to AI_grader\results\final_submission\rollouts\env07__Z2iiVJG\agent\trajectory.json
Trajectory dumped to AI_grader\results\final_submission\rollouts\env06__zfVBSgA\agent\trajectory.json
Trajectory dumped to AI_grader\results\final_submission\rollouts\env03__zeEpiWF\agent\trajectory.json
Trajectory dumped to AI_grader\results\final_submission\rollouts\env03__zeEpiWF\agent\trajectory.json
Collecting main service artifacts
Skipping image OS validation for hb__da6e0a7dfe5b53c34e19c6a8b556beba: docker inspect returned 1
Sending keys: ['python3 - <<\'PY\'\nfrom pathlib import Path\npath = Path(\'audit_viewer.py\')\ntext = path.read_text()\ntext = text.replace(\'\'\'    if min_id is not None:\\n        conditions.append(f"id >= {min_id}")\\n\\n    sql = _build_event_query(base, conditions)\\n\'\'\', \'\'\'    if min_id is not None:\\n        conditions.append(f"id >= {min_id}")\\n    if user:\\n        conditions.append(f"user = \'{user}\'")\\n\\n    sql = _build_event_query(base, conditions)\\n\'\'\')\ntext = text.replace(\'\'\'    event_p.add_argument("--min-id", type=int, default=None, help="Minimum event ID")\\n\\n    subparsers.add_parser("summary", help="Show audit severity summary")\\n\'\'\', \'\'\'    event_p.add_argument("--min-id", type=int, default=None, help="Minimum event ID")\\n    event_p.add_argument("--user", default=None, help="Filter by username")\\n\\n    subparsers.add_parser("summary", help="Show audit severity summary")\\n\'\'\')\npath.write_text(text)\nPY\n'] min_timeout_sec: 0.1 max_timeout_sec: 180.0
Sending keys: ['grep -n "user\\|min-id" audit_viewer.py\n'] min_timeout_sec: 0.1 max_timeout_sec: 180.0
Sending keys: ['pytest -q\n'] min_timeout_sec: 5.0 max_timeout_sec: 180.0
Installing: tmux, asciinema
Detected system: {'os': 'debian-based', 'package_manager': 'apt-get', 'update_command': None}
Installing tools using apt-get: DEBIAN_FRONTEND=noninteractive apt-get update && DEBIAN_FRONTEND=noninteractive apt-get install -y tmux asciinema
Sending keys: ['git diff -- product_search.py || true\n'] min_timeout_sec: 0.1 max_timeout_sec: 180.0
Skipping image OS validation for hb__f088415250d6db31c0e76089c6af96e4: docker inspect returned 1
Sending keys: ['python3 product_search.py search Chair --category Furniture\n'] min_timeout_sec: 0.2 max_timeout_sec: 180.0
Sending keys: ['python3 product_search.py search Chair --category Electronics\n'] min_timeout_sec: 0.2 max_timeout_sec: 180.0
Sending keys: ['python3 product_search.py info 1\n'] min_timeout_sec: 0.2 max_timeout_sec: 180.0
Trajectory dumped to AI_grader\results\final_submission\rollouts\env06__zfVBSgA\agent\trajectory.json
Sending keys: ['python3 audit_viewer.py events LOGIN --user alice\n'] min_timeout_sec: 0.5 max_timeout_sec: 180.0
Sending keys: ['python3 audit_viewer.py summary\n'] min_timeout_sec: 0.5 max_timeout_sec: 180.0
Sending keys: ['python3 audit_viewer.py recent --limit 2\n'] min_timeout_sec: 0.5 max_timeout_sec: 180.0
Trajectory dumped to AI_grader\results\final_submission\rollouts\env07__Z2iiVJG\agent\trajectory.json
Installing: tmux, asciinema
Detected system: {'os': 'debian-based', 'package_manager': 'apt-get', 'update_command': None}
Installing tools using apt-get: DEBIAN_FRONTEND=noninteractive apt-get update && DEBIAN_FRONTEND=noninteractive apt-get install -y tmux asciinema
Trajectory dumped to AI_grader\results\final_submission\rollouts\env07__Z2iiVJG\agent\trajectory.json
Trajectory dumped to AI_grader\results\final_submission\rollouts\env06__zfVBSgA\agent\trajectory.json
Starting recording.
Sending keys: ['asciinema rec --stdin /logs/agent/recording.cast', 'Enter'] min_timeout_sec: 1.0 max_timeout_sec: 180.0
Trajectory dumped to AI_grader\results\final_submission\rollouts\env07__Z2iiVJG\agent\trajectory.json
Trajectory dumped to AI_grader\results\final_submission\rollouts\env07__Z2iiVJG\agent\trajectory.json
Collecting main service artifacts
Sending keys: ['clear', 'Enter'] min_timeout_sec: 0.0 max_timeout_sec: 180.0
Trial env10__SLf5KGe failed: Docker compose command failed for environment env10. Command: docker compose --project-name env10__slf5kge__env --project-directory C:\Users\DELL\OneDrive\Desktop\Solumn_sel_task\AI_grader\environments\env10\environment -f C:\Users\DELL\AppData\Local\Temp\tmpil_ohpr2\env10__SLf5KGe__env-docker-compose-resources.json -f C:\Users\DELL\OneDrive\Desktop\Solumn_sel_task\harbor\src\harbor\environments\docker\docker-compose-build.yaml -f C:\Users\DELL\AppData\Local\Temp\tmpq7h9rza2\docker-compose-environment.json -f C:\Users\DELL\AppData\Local\Temp\tmp2y7qo6qj\docker-compose-mounts.json build. Return code: 1. Stdout:  Image env10__slf5kge__env-main Building 
#1 [internal] load local bake definitions
#1 reading from stdin 661B done
#1 DONE 0.0s

#2 [internal] load build definition from Dockerfile
#2 transferring dockerfile: 388B 0.0s done
#2 DONE 0.0s

#3 [internal] load metadata for docker.io/library/python:3.11.8-slim-bookworm
#3 ERROR: failed to do request: Head "https://registry-1.docker.io/v2/library/python/manifests/3.11.8-slim-bookworm": dialing registry-1.docker.io:443 container via direct connection because Docker Desktop has no HTTPS proxy: connecting to registry-1.docker.io:443: dial tcp: lookup registry-1.docker.io: no such host
------
 > [internal] load metadata for docker.io/library/python:3.11.8-slim-bookworm:
------
Dockerfile:2

--------------------

   1 |     # Pinned Debian-based Python 3.11 base image

   2 | >>> FROM python:3.11.8-slim-bookworm

   3 |     

   4 |     RUN apt-get update && apt-get install -y --no-install-recommends \

--------------------

failed to solve: python:3.11.8-slim-bookworm: failed to resolve source metadata for docker.io/library/python:3.11.8-slim-bookworm: failed to do request: Head "https://registry-1.docker.io/v2/library/python/manifests/3.11.8-slim-bookworm": dialing registry-1.docker.io:443 container via direct connection because Docker Desktop has no HTTPS proxy: connecting to registry-1.docker.io:443: dial tcp: lookup registry-1.docker.io: no such host

. Stderr: None. 
Collecting main service artifacts
Not retrying trial because the maximum number of retries has been reached
Trial env01__GSLT5jx failed: Docker compose command failed for environment env01. Command: docker compose --project-name env01__gslt5jx__env --project-directory C:\Users\DELL\OneDrive\Desktop\Solumn_sel_task\AI_grader\environments\env01\environment -f C:\Users\DELL\AppData\Local\Temp\tmpf04q1ve8\env01__GSLT5jx__env-docker-compose-resources.json -f C:\Users\DELL\OneDrive\Desktop\Solumn_sel_task\harbor\src\harbor\environments\docker\docker-compose-build.yaml -f C:\Users\DELL\AppData\Local\Temp\tmpwfifvkh4\docker-compose-environment.json -f C:\Users\DELL\AppData\Local\Temp\tmp_lyfaiba\docker-compose-mounts.json build. Return code: 1. Stdout:  Image env01__gslt5jx__env-main Building 
#1 [internal] load local bake definitions
#1 reading from stdin 661B done
#1 DONE 0.0s

#2 [internal] load build definition from Dockerfile
#2 transferring dockerfile: 590B 0.0s done
#2 DONE 0.0s

#3 [internal] load metadata for docker.io/library/python:3.11.8-slim-bookworm
#3 ERROR: failed to do request: Head "https://registry-1.docker.io/v2/library/python/manifests/3.11.8-slim-bookworm": tls: failed to verify certificate: x509: certificate is valid for *.iitg.ac.in, not registry-1.docker.io
------
 > [internal] load metadata for docker.io/library/python:3.11.8-slim-bookworm:
------
Dockerfile:2

--------------------

   1 |     # Pinned Debian-based Python 3.11 base image

   2 | >>> FROM python:3.11.8-slim-bookworm

   3 |     

   4 |     # Install system dependencies (tar, gzip, bash, coreutils)

--------------------

failed to solve: python:3.11.8-slim-bookworm: failed to resolve source metadata for docker.io/library/python:3.11.8-slim-bookworm: failed to do request: Head "https://registry-1.docker.io/v2/library/python/manifests/3.11.8-slim-bookworm": tls: failed to verify certificate: x509: certificate is valid for *.iitg.ac.in, not registry-1.docker.io

. Stderr: None. 
Collecting main service artifacts
Installing tmux from source...
Not retrying trial because the maximum number of retries has been reached
Trial env02__HAW9Z65 failed: Docker compose command failed for environment env02. Command: docker compose --project-name env02__haw9z65__env --project-directory C:\Users\DELL\OneDrive\Desktop\Solumn_sel_task\AI_grader\environments\env02\environment -f C:\Users\DELL\AppData\Local\Temp\tmp2bg7mgbz\env02__HAW9Z65__env-docker-compose-resources.json -f C:\Users\DELL\OneDrive\Desktop\Solumn_sel_task\harbor\src\harbor\environments\docker\docker-compose-build.yaml -f C:\Users\DELL\AppData\Local\Temp\tmpezaaae9b\docker-compose-environment.json -f C:\Users\DELL\AppData\Local\Temp\tmplcpei3b8\docker-compose-mounts.json build. Return code: 1. Stdout:  Image env02__haw9z65__env-main Building 
#1 [internal] load local bake definitions
#1 reading from stdin 661B done
#1 DONE 0.0s

#2 [internal] load build definition from Dockerfile
#2 transferring dockerfile: 428B done
#2 DONE 0.0s

#3 [internal] load metadata for docker.io/library/python:3.11.8-slim-bookworm
#3 ERROR: failed to do request: Head "https://registry-1.docker.io/v2/library/python/manifests/3.11.8-slim-bookworm": tls: failed to verify certificate: x509: certificate is valid for *.iitg.ac.in, not registry-1.docker.io
------
 > [internal] load metadata for docker.io/library/python:3.11.8-slim-bookworm:
------
Dockerfile:2

--------------------

   1 |     # Pinned Debian-based Python 3.11 base image

   2 | >>> FROM python:3.11.8-slim-bookworm

   3 |     

   4 |     # Install system dependencies (gzip, bash, coreutils)

--------------------

failed to solve: python:3.11.8-slim-bookworm: failed to resolve source metadata for docker.io/library/python:3.11.8-slim-bookworm: failed to do request: Head "https://registry-1.docker.io/v2/library/python/manifests/3.11.8-slim-bookworm": tls: failed to verify certificate: x509: certificate is valid for *.iitg.ac.in, not registry-1.docker.io

. Stderr: None. 
Collecting main service artifacts
Not retrying trial because the maximum number of retries has been reached
Failed to install tmux from source
Installing asciinema via pip...
Trial env03__kmTgbDz failed: Docker compose command failed for environment env03. Command: docker compose --project-name env03__kmtgbdz__env --project-directory C:\Users\DELL\OneDrive\Desktop\Solumn_sel_task\AI_grader\environments\env03\environment -f C:\Users\DELL\AppData\Local\Temp\tmpneh6fzlo\env03__kmTgbDz__env-docker-compose-resources.json -f C:\Users\DELL\OneDrive\Desktop\Solumn_sel_task\harbor\src\harbor\environments\docker\docker-compose-build.yaml -f C:\Users\DELL\AppData\Local\Temp\tmpne8fiqqb\docker-compose-environment.json -f C:\Users\DELL\AppData\Local\Temp\tmp5ucn1l21\docker-compose-mounts.json build. Return code: 1. Stdout:  Image env03__kmtgbdz__env-main Building 
#1 [internal] load local bake definitions
#1 reading from stdin 661B done
#1 DONE 0.0s

#2 [internal] load build definition from Dockerfile
#2 transferring dockerfile: 318B 0.0s done
#2 DONE 0.0s

#3 [internal] load metadata for docker.io/library/python:3.11.8-slim-bookworm
#3 ERROR: failed to do request: Head "https://registry-1.docker.io/v2/library/python/manifests/3.11.8-slim-bookworm": tls: failed to verify certificate: x509: certificate is valid for *.iitg.ac.in, not registry-1.docker.io
------
 > [internal] load metadata for docker.io/library/python:3.11.8-slim-bookworm:
------
Dockerfile:1

--------------------

   1 | >>> FROM python:3.11.8-slim-bookworm

   2 |     

   3 |     RUN apt-get update && apt-get install -y --no-install-recommends \

--------------------

failed to solve: python:3.11.8-slim-bookworm: failed to resolve source metadata for docker.io/library/python:3.11.8-slim-bookworm: failed to do request: Head "https://registry-1.docker.io/v2/library/python/manifests/3.11.8-slim-bookworm": tls: failed to verify certificate: x509: certificate is valid for *.iitg.ac.in, not registry-1.docker.io

. Stderr: None. 
Collecting main service artifacts
Not retrying trial because the maximum number of retries has been reached
Trial env04__PHV37PQ failed: Docker compose command failed for environment env04. Command: docker compose --project-name env04__phv37pq__env --project-directory C:\Users\DELL\OneDrive\Desktop\Solumn_sel_task\AI_grader\environments\env04\environment -f C:\Users\DELL\AppData\Local\Temp\tmpd75zq1jo\env04__PHV37PQ__env-docker-compose-resources.json -f C:\Users\DELL\OneDrive\Desktop\Solumn_sel_task\harbor\src\harbor\environments\docker\docker-compose-build.yaml -f C:\Users\DELL\AppData\Local\Temp\tmp33dq656c\docker-compose-environment.json -f C:\Users\DELL\AppData\Local\Temp\tmpof9a_oy4\docker-compose-mounts.json build. Return code: 1. Stdout:  Image env04__phv37pq__env-main Building 
#1 [internal] load local bake definitions
#1 reading from stdin 661B done
#1 DONE 0.0s

#2 [internal] load build definition from Dockerfile
#2 transferring dockerfile: 376B 0.0s done
#2 DONE 0.0s

#3 [internal] load metadata for docker.io/library/python:3.11.8-slim-bookworm
#3 ERROR: failed to do request: Head "https://registry-1.docker.io/v2/library/python/manifests/3.11.8-slim-bookworm": tls: failed to verify certificate: x509: certificate is valid for *.iitg.ac.in, not registry-1.docker.io
------
 > [internal] load metadata for docker.io/library/python:3.11.8-slim-bookworm:
------
Dockerfile:2

--------------------

   1 |     # Pinned Debian-based Python 3.11 base image

   2 | >>> FROM python:3.11.8-slim-bookworm

   3 |     

   4 |     RUN apt-get update && apt-get install -y --no-install-recommends \

--------------------

failed to solve: python:3.11.8-slim-bookworm: failed to resolve source metadata for docker.io/library/python:3.11.8-slim-bookworm: failed to do request: Head "https://registry-1.docker.io/v2/library/python/manifests/3.11.8-slim-bookworm": tls: failed to verify certificate: x509: certificate is valid for *.iitg.ac.in, not registry-1.docker.io

. Stderr: None. 
Collecting main service artifacts
Not retrying trial because the maximum number of retries has been reached
Skipping image OS validation for hb__e5276827ae5ec9329727c8810f8bd076: docker inspect returned 1
asciinema successfully installed using pip
Trial env09__h6uRkQo failed: Failed to start tmux session. Error: None
Collecting main service artifacts
Installing: tmux, asciinema
Not retrying trial because the maximum number of retries has been reached
Detected system: {'os': 'debian-based', 'package_manager': 'apt-get', 'update_command': None}
Installing tools using apt-get: DEBIAN_FRONTEND=noninteractive apt-get update && DEBIAN_FRONTEND=noninteractive apt-get install -y tmux asciinema
Skipping image OS validation for hb__ad69dadd88fb090de5dc4fc7b2313c43: docker inspect returned 1
Installing: tmux, asciinema
Detected system: {'os': 'debian-based', 'package_manager': 'apt-get', 'update_command': None}
Installing tools using apt-get: DEBIAN_FRONTEND=noninteractive apt-get update && DEBIAN_FRONTEND=noninteractive apt-get install -y tmux asciinema
Starting recording.
Sending keys: ['asciinema rec --stdin /logs/agent/recording.cast', 'Enter'] min_timeout_sec: 1.0 max_timeout_sec: 180.0
Sending keys: ['clear', 'Enter'] min_timeout_sec: 0.0 max_timeout_sec: 180.0
Sending keys: ['ls -la\n'] min_timeout_sec: 0.1 max_timeout_sec: 180.0
Starting recording.
Sending keys: ['asciinema rec --stdin /logs/agent/recording.cast', 'Enter'] min_timeout_sec: 1.0 max_timeout_sec: 180.0
Sending keys: ["sed -n '1,240p' db_dumper.py\n"] min_timeout_sec: 0.1 max_timeout_sec: 180.0
Trajectory dumped to AI_grader\results\final_submission\rollouts\env05__dTQQhWz\agent\trajectory.json
Sending keys: ['clear', 'Enter'] min_timeout_sec: 0.0 max_timeout_sec: 180.0
Sending keys: ['ls -la\n'] min_timeout_sec: 0.1 max_timeout_sec: 180.0
Sending keys: ["sed -n '1,240p' product_search.py\n"] min_timeout_sec: 0.1 max_timeout_sec: 180.0
Sending keys: ["sed -n '1,240p' tests/test_search.py\n"] min_timeout_sec: 0.1 max_timeout_sec: 180.0
Sending keys: ["find tests -maxdepth 2 -type f -print -exec sed -n '1,240p' {} \\;\n"] min_timeout_sec: 0.1 max_timeout_sec: 180.0
Trajectory dumped to AI_grader\results\final_submission\rollouts\env06__C5QCM8Q\agent\trajectory.json
Sending keys: ['ls -la\n'] min_timeout_sec: 0.1 max_timeout_sec: 180.0
Sending keys: ["sed -n '1,240p' billing_query.py\n"] min_timeout_sec: 0.1 max_timeout_sec: 180.0
Trajectory dumped to AI_grader\results\final_submission\rollouts\env05__dTQQhWz\agent\trajectory.json
Sending keys: ["sed -n '1,260p' db/billing_db.py\n"] min_timeout_sec: 0.1 max_timeout_sec: 180.0
Sending keys: ["sed -n '1,260p' tests/test_billing.py\n"] min_timeout_sec: 0.1 max_timeout_sec: 180.0
Trajectory dumped to AI_grader\results\final_submission\rollouts\env08__h5zcdcC\agent\trajectory.json
Sending keys: ['python3 - <<\'PY\'\nfrom pathlib import Path\npath = Path(\'product_search.py\')\ntext = path.read_text()\ntext = text.replace(\n"    if min_price is not None:\\n        conditions.append(f\\"price >= {min_price}\\")\\n\\n    sql = _build_product_query(base, conditions)\\n",\n"    if min_price is not None:\\n        conditions.append(f\\"price >= {min_price}\\")\\n    if category is not None:\\n        conditions.append(f\\"category = \'{category}\'\\")\\n\\n    sql = _build_product_query(base, conditions)\\n"\n)\ntext = text.replace(\n"    search_p.add_argument(\\"--min-price\\", type=float, default=None, help=\\"Minimum product price\\")\\n",\n"    search_p.add_argument(\\"--min-price\\", type=float, default=None, help=\\"Minimum product price\\")\\n    search_p.add_argument(\\"--category\\", help=\\"Only show items in the specified category\\")\\n"\n)\npath.write_text(text)\nPY\n'] min_timeout_sec: 0.1 max_timeout_sec: 180.0
Sending keys: ["sed -n '15,90p' product_search.py\n"] min_timeout_sec: 0.1 max_timeout_sec: 180.0
Sending keys: ['pytest -q\n'] min_timeout_sec: 3.0 max_timeout_sec: 180.0
Sending keys: ['python3 - <<\'PY\'\nfrom pathlib import Path\np = Path(\'billing_query.py\')\ns = p.read_text()\ns = s.replace(\'    inv_p.add_argument("account_id", help="Account ID")\\n\', \'    inv_p.add_argument("account_id", help="Account ID")\\n    inv_p.add_argument("--status", help="Invoice status")\\n\')\np.write_text(s)\n\np = Path(\'db/billing_db.py\')\ns = p.read_text()\ns = s.replace(\'    if due_before:\\n        conditions.append(f"due_date <= \\\'{due_before}\\\'")\\n\\n    sql = _build_invoice_query(base, conditions)\\n\', \'    if due_before:\\n        conditions.append(f"due_date <= \\\'{due_before}\\\'")\\n    if status:\\n        conditions.append(f"status = \\\'{status}\\\'")\\n\\n    sql = _build_invoice_query(base, conditions)\\n\')\np.write_text(s)\nPY\n'] min_timeout_sec: 0.1 max_timeout_sec: 180.0
Sending keys: ['git diff -- billing_query.py db/billing_db.py\n'] min_timeout_sec: 0.1 max_timeout_sec: 180.0
Sending keys: ['pytest -q\n'] min_timeout_sec: 5.0 max_timeout_sec: 180.0
Trajectory dumped to AI_grader\results\final_submission\rollouts\env06__C5QCM8Q\agent\trajectory.json
Sending keys: ['python3 billing_query.py invoices ACC100 --status PAID\n'] min_timeout_sec: 0.5 max_timeout_sec: 180.0
Trajectory dumped to AI_grader\results\final_submission\rollouts\env08__h5zcdcC\agent\trajectory.json
Trajectory dumped to AI_grader\results\final_submission\rollouts\env06__C5QCM8Q\agent\trajectory.json
Trajectory dumped to AI_grader\results\final_submission\rollouts\env08__h5zcdcC\agent\trajectory.json
Trajectory dumped to AI_grader\results\final_submission\rollouts\env08__h5zcdcC\agent\trajectory.json
Trajectory dumped to AI_grader\results\final_submission\rollouts\env08__h5zcdcC\agent\trajectory.json
Collecting main service artifacts
Trajectory dumped to AI_grader\results\final_submission\rollouts\env06__C5QCM8Q\agent\trajectory.json
Trajectory dumped to AI_grader\results\final_submission\rollouts\env06__C5QCM8Q\agent\trajectory.json
Collecting main service artifacts
Sending keys: ['apply_patch <<\'PATCH\'\n*** Begin Patch\n*** Update File: db_dumper.py\n@@\n def dump_database(db_path: str, output_path: str, table: str | None = None) -> None:\n     """\n     Dumps all SQL statements and table contents to output_path.\n     Uses Python sqlite3 for full database dumps (all tables).\n     """\n@@\n \n     conn = sqlite3.connect(db_path)\n-    with open(output_path, "w") as f:\n-        for line in conn.iterdump():\n-            f.write(f"{line}\\n")\n-    conn.close()\n+    try:\n+        with open(output_path, "w") as f:\n+            if table is None:\n+                for line in conn.iterdump():\n+                    f.write(f"{line}\\n")\n+            else:\n+                cur = conn.cursor()\n+                cur.execute("SELECT sql FROM sqlite_master WHERE type=\'table\' AND name=?", (table,))\n+                row = cur.fetchone()\n+                if row is None:\n+                    raise ValueError(f"Table \'{table}\' not found.")\n+\n+                table_sql = row[0].rstrip()\n+                if not table_sql.endswith(";"):\n+                    table_sql += ";"\n+\n+                quoted_table = \'"\' + table.replace(\'"\', \'""\') + \'"\'\n+                f.write("BEGIN TRANSACTION;\\n")\n+                f.write(f"{table_sql}\\n")\n+                cur.execute(f"SELECT * FROM {quoted_table}")\n+                for values in cur.fetchall():\n+                    quoted_values = ",".join(\n+                        conn.execute("SELECT quote(?)", (value,)).fetchone()[0]\n+                        for value in values\n+                    )\n+                    f.write(f"INSERT INTO {quoted_table} VALUES({quoted_values});\\n")\n+                f.write("COMMIT;\\n")\n+    finally:\n+        conn.close()\n@@\n     dump_p = subparsers.add_parser("dump", help="Dump database")\n     dump_p.add_argument("db_path", help="Path to SQLite DB")\n     dump_p.add_argument("output_path", help="Output SQL dump file")\n+    dump_p.add_argument("--table", help="Dump only the named table")\n*** End Patch\nPATCH\n'] min_timeout_sec: 0.1 max_timeout_sec: 180.0
Sending keys: ["sed -n '1,260p' db_dumper.py\n"] min_timeout_sec: 0.1 max_timeout_sec: 180.0
Sending keys: ['python -m pytest -q\n'] min_timeout_sec: 3.0 max_timeout_sec: 180.0
Skipping image OS validation for hb__20edb5e1092aa3a8393aaed7d2758dbf: docker inspect returned 1
Skipping image OS validation for hb__da6e0a7dfe5b53c34e19c6a8b556beba: docker inspect returned 1
Sending keys: ['tmpdir=$(mktemp -d) && python - <<\'PY\' "$tmpdir/test.db"\nimport sqlite3, sys\nconn = sqlite3.connect(sys.argv[1])\ncur = conn.cursor()\ncur.execute("CREATE TABLE users (id INTEGER PRIMARY KEY, name TEXT);")\ncur.execute("INSERT INTO users (name) VALUES (\'Alice\'), (\'Bob\');")\ncur.execute("CREATE TABLE products (id INTEGER PRIMARY KEY, item TEXT);")\ncur.execute("INSERT INTO products (item) VALUES (\'Widget\');")\nconn.commit()\nconn.close()\nPY\npython db_dumper.py dump "$tmpdir/test.db" "$tmpdir/users.sql" --table users && cat "$tmpdir/users.sql" && ! grep -q products "$tmpdir/users.sql"\n'] min_timeout_sec: 1.0 max_timeout_sec: 180.0
Trajectory dumped to AI_grader\results\final_submission\rollouts\env05__dTQQhWz\agent\trajectory.json
Installing: tmux, asciinema
Detected system: {'os': 'debian-based', 'package_manager': 'apt-get', 'update_command': None}
Installing tools using apt-get: DEBIAN_FRONTEND=noninteractive apt-get update && DEBIAN_FRONTEND=noninteractive apt-get install -y tmux asciinema
Installing: tmux, asciinema
Detected system: {'os': 'debian-based', 'package_manager': 'apt-get', 'update_command': None}
Installing tools using apt-get: DEBIAN_FRONTEND=noninteractive apt-get update && DEBIAN_FRONTEND=noninteractive apt-get install -y tmux asciinema
Starting recording.
Sending keys: ['asciinema rec --stdin /logs/agent/recording.cast', 'Enter'] min_timeout_sec: 1.0 max_timeout_sec: 180.0
Starting recording.
Sending keys: ['asciinema rec --stdin /logs/agent/recording.cast', 'Enter'] min_timeout_sec: 1.0 max_timeout_sec: 180.0
Sending keys: ['clear', 'Enter'] min_timeout_sec: 0.0 max_timeout_sec: 180.0
Sending keys: ['clear', 'Enter'] min_timeout_sec: 0.0 max_timeout_sec: 180.0
Sending keys: ['ls -la\n'] min_timeout_sec: 0.1 max_timeout_sec: 180.0
Sending keys: ["sed -n '1,240p' audit_viewer.py\n"] min_timeout_sec: 0.1 max_timeout_sec: 180.0
Sending keys: ["sed -n '1,260p' tests/test_audit.py\n"] min_timeout_sec: 0.1 max_timeout_sec: 180.0
Sending keys: ["sed -n '1,240p' billing_query.py && printf '\\n--- db ---\\n' && sed -n '1,260p' db/billing_db.py && printf '\\n--- tests ---\\n' && sed -n '1,260p' tests/test_billing.py\n"] min_timeout_sec: 0.2 max_timeout_sec: 180.0
Trajectory dumped to AI_grader\results\final_submission\rollouts\env07__xUeonCE\agent\trajectory.json
Trajectory dumped to AI_grader\results\final_submission\rollouts\env08__HTasVVZ\agent\trajectory.json
Sending keys: ['python3 - <<\'PY\'\nfrom pathlib import Path\np = Path(\'audit_viewer.py\')\ns = p.read_text()\ns = s.replace("""    if min_id is not None:\\n        conditions.append(f\\"id >= {min_id}\\")\\n\\n    sql = _build_event_query(base, conditions)\\n""", """    if min_id is not None:\\n        conditions.append(f\\"id >= {min_id}\\")\\n    if user:\\n        conditions.append(f\\"user = \'{user}\'\\")\\n\\n    sql = _build_event_query(base, conditions)\\n""")\ns = s.replace("""    event_p.add_argument("--min-id", type=int, default=None, help="Minimum event ID")\\n\\n    subparsers.add_parser("summary", help="Show audit severity summary")\\n""", """    event_p.add_argument("--min-id", type=int, default=None, help="Minimum event ID")\\n    event_p.add_argument("--user", default=None, help="Filter by username")\\n\\n    subparsers.add_parser("summary", help="Show audit severity summary")\\n""")\np.write_text(s)\nPY\n'] min_timeout_sec: 0.1 max_timeout_sec: 180.0
Sending keys: ['python3 - <<\'PY\'\nfrom pathlib import Path\np = Path(\'billing_query.py\')\ns = p.read_text()\ns = s.replace(\'    inv_p.add_argument("account_id", help="Account ID")\\n\', \'    inv_p.add_argument("account_id", help="Account ID")\\n    inv_p.add_argument("--status", help="Invoice status")\\n\')\np.write_text(s)\n\np = Path(\'db/billing_db.py\')\ns = p.read_text()\ns = s.replace(\'    if due_before:\\n        conditions.append(f"due_date <= \\\'{due_before}\\\'")\\n\\n    sql = _build_invoice_query(base, conditions)\\n\', \'    if due_before:\\n        conditions.append(f"due_date <= \\\'{due_before}\\\'")\\n    if status:\\n        conditions.append(f"status = \\\'{status}\\\'")\\n\\n    sql = _build_invoice_query(base, conditions)\\n\')\np.write_text(s)\nPY\ngit diff -- billing_query.py db/billing_db.py\npytest -q\n'] min_timeout_sec: 3.0 max_timeout_sec: 180.0
Sending keys: ['grep -n "user" -C 3 audit_viewer.py\n'] min_timeout_sec: 0.1 max_timeout_sec: 180.0
Sending keys: ['pytest -q\n'] min_timeout_sec: 3.0 max_timeout_sec: 180.0
Sending keys: ['python - <<\'PY\'\nfrom pathlib import Path\npath = Path(\'db_dumper.py\')\ntext = path.read_text()\nold = \'\'\'    conn = sqlite3.connect(db_path)\n    with open(output_path, "w") as f:\n        for line in conn.iterdump():\n            f.write(f"{line}\\\\n")\n    conn.close()\n\'\'\'\nnew = \'\'\'    conn = sqlite3.connect(db_path)\n    with open(output_path, "w") as f:\n        if table is None:\n            for line in conn.iterdump():\n                f.write(f"{line}\\\\n")\n        else:\n            cur = conn.cursor()\n            cur.execute("SELECT sql FROM sqlite_master WHERE type=\'table\' AND name=?", (table,))\n            row = cur.fetchone()\n            if row is None:\n                conn.close()\n                raise ValueError(f"Table \'{table}\' not found.")\n\n            table_sql = row[0].rstrip()\n            if not table_sql.endswith(";"):\n                table_sql += ";"\n\n            quoted_table = \'"\' + table.replace(\'"\', \'""\') + \'"\'\n            f.write("BEGIN TRANSACTION;\\\\n")\n            f.write(f"{table_sql}\\\\n")\n            cur.execute(f"SELECT * FROM {quoted_table}")\n            for values in cur.fetchall():\n                quoted_values = ",".join(\n                    conn.execute("SELECT quote(?)", (value,)).fetchone()[0]\n                    for value in values\n                )\n                f.write(f"INSERT INTO {quoted_table} VALUES({quoted_values});\\\\n")\n            f.write("COMMIT;\\\\n")\n    conn.close()\n\'\'\'\nif old not in text:\n    raise SystemExit(\'dump block not found\')\ntext = text.replace(old, new, 1)\nold = \'\'\'    dump_p.add_argument("db_path", help="Path to SQLite DB")\n    dump_p.add_argument("output_path", help="Output SQL dump file")\n\'\'\'\nnew = \'\'\'    dump_p.add_argument("db_path", help="Path to SQLite DB")\n    dump_p.add_argument("output_path", help="Output SQL dump file")\n    dump_p.add_argument("--table", help="Dump only the named table")\n\'\'\'\nif old not in text:\n    raise SystemExit(\'argparse block not found\')\ntext = text.replace(old, new, 1)\npath.write_text(text)\nPY\n'] min_timeout_sec: 0.1 max_timeout_sec: 180.0
Trajectory dumped to AI_grader\results\final_submission\rollouts\env08__HTasVVZ\agent\trajectory.json
Sending keys: ["sed -n '1,260p' db_dumper.py\n"] min_timeout_sec: 0.1 max_timeout_sec: 180.0
Sending keys: ['python -m py_compile db_dumper.py\n'] min_timeout_sec: 0.1 max_timeout_sec: 180.0
Sending keys: ['python3 audit_viewer.py events LOGIN --user alice\npython3 audit_viewer.py events LOGIN --user bob\npython3 audit_viewer.py summary\npython3 audit_viewer.py recent --limit 2\n'] min_timeout_sec: 1.0 max_timeout_sec: 180.0
Sending keys: ['python -m pytest -q\n'] min_timeout_sec: 3.0 max_timeout_sec: 180.0
Trajectory dumped to AI_grader\results\final_submission\rollouts\env07__xUeonCE\agent\trajectory.json
Sending keys: ['tmpdir=$(mktemp -d) && python - <<\'PY\' "$tmpdir/test.db"\nimport sqlite3, sys\nconn = sqlite3.connect(sys.argv[1])\ncur = conn.cursor()\ncur.execute("CREATE TABLE users (id INTEGER PRIMARY KEY, name TEXT);")\ncur.execute("INSERT INTO users (name) VALUES (\'Alice\'), (\'Bob\');")\ncur.execute("CREATE TABLE products (id INTEGER PRIMARY KEY, item TEXT);")\ncur.execute("INSERT INTO products (item) VALUES (\'Widget\');")\nconn.commit()\nconn.close()\nPY\npython db_dumper.py dump "$tmpdir/test.db" "$tmpdir/users.sql" --table users && cat "$tmpdir/users.sql" && grep -q users "$tmpdir/users.sql" && ! grep -q products "$tmpdir/users.sql"\n'] min_timeout_sec: 1.0 max_timeout_sec: 180.0
Sending keys: ["sed -n '1,45p' billing_query.py && printf '\\n--- fetch_invoices ---\\n' && sed -n '15,55p' db/billing_db.py\n"] min_timeout_sec: 0.1 max_timeout_sec: 180.0
Sending keys: ["python3 billing_query.py invoices ACC100 && printf '\\n--- PAID ---\\n' && python3 billing_query.py invoices ACC100 --status PAID && printf '\\n--- PENDING ---\\n' && python3 billing_query.py invoices ACC100 --status PENDING\n"] min_timeout_sec: 0.5 max_timeout_sec: 180.0
Trajectory dumped to AI_grader\results\final_submission\rollouts\env05__dTQQhWz\agent\trajectory.json
Trajectory dumped to AI_grader\results\final_submission\rollouts\env07__xUeonCE\agent\trajectory.json
Trajectory dumped to AI_grader\results\final_submission\rollouts\env08__HTasVVZ\agent\trajectory.json
Trajectory dumped to AI_grader\results\final_submission\rollouts\env08__HTasVVZ\agent\trajectory.json
Trajectory dumped to AI_grader\results\final_submission\rollouts\env07__xUeonCE\agent\trajectory.json
Trajectory dumped to AI_grader\results\final_submission\rollouts\env07__xUeonCE\agent\trajectory.json
Collecting main service artifacts
Trajectory dumped to AI_grader\results\final_submission\rollouts\env08__HTasVVZ\agent\trajectory.json
Trajectory dumped to AI_grader\results\final_submission\rollouts\env08__HTasVVZ\agent\trajectory.json
Collecting main service artifacts
Trajectory dumped to AI_grader\results\final_submission\rollouts\env05__dTQQhWz\agent\trajectory.json
Skipping image OS validation for hb__f088415250d6db31c0e76089c6af96e4: docker inspect returned 1
Skipping image OS validation for hb__25d8bdb0d2275b7555fecd81bb556eca: docker inspect returned 1
Trajectory dumped to AI_grader\results\final_submission\rollouts\env05__dTQQhWz\agent\trajectory.json
Trajectory dumped to AI_grader\results\final_submission\rollouts\env05__dTQQhWz\agent\trajectory.json
Collecting main service artifacts
Installing: tmux, asciinema
Installing: tmux, asciinema
Detected system: {'os': 'debian-based', 'package_manager': 'apt-get', 'update_command': None}
Installing tools using apt-get: DEBIAN_FRONTEND=noninteractive apt-get update && DEBIAN_FRONTEND=noninteractive apt-get install -y tmux asciinema
Detected system: {'os': 'debian-based', 'package_manager': 'apt-get', 'update_command': None}
Installing tools using apt-get: DEBIAN_FRONTEND=noninteractive apt-get update && DEBIAN_FRONTEND=noninteractive apt-get install -y tmux asciinema
Skipping image OS validation for hb__d1ae1bc62dd81d2e09f2bedab30fe95a: docker inspect returned 1
Installing: tmux, asciinema
Detected system: {'os': 'debian-based', 'package_manager': 'apt-get', 'update_command': None}
Installing tools using apt-get: DEBIAN_FRONTEND=noninteractive apt-get update && DEBIAN_FRONTEND=noninteractive apt-get install -y tmux asciinema
Starting recording.
Sending keys: ['asciinema rec --stdin /logs/agent/recording.cast', 'Enter'] min_timeout_sec: 1.0 max_timeout_sec: 180.0
Sending keys: ['clear', 'Enter'] min_timeout_sec: 0.0 max_timeout_sec: 180.0
Starting recording.
Sending keys: ['asciinema rec --stdin /logs/agent/recording.cast', 'Enter'] min_timeout_sec: 1.0 max_timeout_sec: 180.0
Sending keys: ['clear', 'Enter'] min_timeout_sec: 0.0 max_timeout_sec: 180.0
Sending keys: ['ls -la\n'] min_timeout_sec: 0.1 max_timeout_sec: 180.0
Sending keys: ["sed -n '1,240p' notify_filter.py\n"] min_timeout_sec: 0.1 max_timeout_sec: 180.0
Sending keys: ["sed -n '1,240p' tests/test_notify.py\n"] min_timeout_sec: 0.1 max_timeout_sec: 180.0
Trajectory dumped to AI_grader\results\final_submission\rollouts\env10__7uwEEqi\agent\trajectory.json
Sending keys: ['ls -la\n'] min_timeout_sec: 0.1 max_timeout_sec: 180.0
Sending keys: ["sed -n '1,240p' inventory_cli.py\n"] min_timeout_sec: 0.1 max_timeout_sec: 180.0
Sending keys: ["sed -n '1,240p' tests/test_inventory.py\n"] min_timeout_sec: 0.1 max_timeout_sec: 180.0
Trajectory dumped to AI_grader\results\final_submission\rollouts\env09__Uz78nG7\agent\trajectory.json
Starting recording.
Sending keys: ['asciinema rec --stdin /logs/agent/recording.cast', 'Enter'] min_timeout_sec: 1.0 max_timeout_sec: 180.0
Sending keys: ['clear', 'Enter'] min_timeout_sec: 0.0 max_timeout_sec: 180.0
Sending keys: ['apply_patch <<\'PATCH\'\n*** Begin Patch\n*** Update File: notify_filter.py\n@@\n     if delivered_only:\n         conditions.append("delivered = 1")\n     if recipient:\n         conditions.append(f"recipient = \'{recipient}\'")\n+    if channel:\n+        conditions.append(f"channel = \'{channel}\'")\n     if min_id is not None:\n         conditions.append(f"id >= {min_id}")\n@@\n     msg_p = subparsers.add_parser("messages", help="Query messages by recipient")\n     msg_p.add_argument("recipient", help="Recipient ID")\n+    msg_p.add_argument("--channel", default=None, help="Filter by channel")\n     msg_p.add_argument("--min-id", type=int, default=None, help="Filter by minimum message ID")\n*** End Patch\nPATCH\n'] min_timeout_sec: 0.1 max_timeout_sec: 180.0
Sending keys: ['git diff -- notify_filter.py\n'] min_timeout_sec: 0.1 max_timeout_sec: 180.0
Sending keys: ['pytest -q\n'] min_timeout_sec: 2.0 max_timeout_sec: 180.0
Sending keys: ["sed -n '1,240p' archiver.py\n"] min_timeout_sec: 0.1 max_timeout_sec: 180.0
Trajectory dumped to AI_grader\results\final_submission\rollouts\env01__hRMZmY9\agent\trajectory.json
Trajectory dumped to AI_grader\results\final_submission\rollouts\env10__7uwEEqi\agent\trajectory.json
Sending keys: ['python3 - <<\'PY\'\nfrom pathlib import Path\np = Path(\'inventory_cli.py\')\ns = p.read_text()\ns = s.replace(\'DEFAULT_SORT_FIELD = "quantity"\\nDEFAULT_SORT_ORDER = "ASC"\\n\', \'DEFAULT_SORT_FIELD = "quantity"\\nDEFAULT_SORT_ORDER = "ASC"\\nLOOKUP_SORT_FIELDS = {\\n    "quantity": "quantity ASC",\\n    "aisle": "aisle ASC",\\n    "warehouse": "warehouse_id ASC",\\n}\\n\')\ns = s.replace(\'def lookup_stock(sku: str) -> list[dict]:\\n\', \'def lookup_stock(sku: str, sort_by: str | None = None) -> list[dict]:\\n\')\ns = s.replace(\'    sql = _build_inventory_query(base)\\n    cursor.execute(sql)\\n\', \'    sort_clause = None\\n    if sort_by is not None:\\n        sort_clause = LOOKUP_SORT_FIELDS[sort_by]\\n\\n    sql = _build_inventory_query(base, sort_clause)\\n    cursor.execute(sql, params)\\n\')\ns = s.replace(\'    look_p.add_argument("sku", help="Product SKU")\\n\', \'    look_p.add_argument("sku", help="Product SKU")\\n    look_p.add_argument("--sort", choices=LOOKUP_SORT_FIELDS.keys(), help="Sort lookup results")\\n\')\ns = s.replace(\'        items = lookup_stock(args.sku)\\n\', \'        items = lookup_stock(args.sku, sort_by=args.sort)\\n\')\np.write_text(s)\nPY\n'] min_timeout_sec: 0.1 max_timeout_sec: 180.0
Sending keys: ['python3 -m pytest -q\n'] min_timeout_sec: 5.0 max_timeout_sec: 180.0
Sending keys: ['python3 inventory_cli.py lookup SKU-100 --sort quantity && python3 inventory_cli.py lookup SKU-100 --sort aisle && python3 inventory_cli.py facilities | head && python3 inventory_cli.py reorder --threshold 20 | head\n'] min_timeout_sec: 2.0 max_timeout_sec: 180.0
Trajectory dumped to AI_grader\results\final_submission\rollouts\env09__Uz78nG7\agent\trajectory.json
Sending keys: ['python3 - <<\'PY\'\nfrom pathlib import Path\np = Path(\'notify_filter.py\')\ns = p.read_text()\nold = """    if recipient:\\n        conditions.append(f\\"recipient = \'{recipient}\'\\")\\n    if min_id is not None:\\n        conditions.append(f\\"id >= {min_id}\\")\\n"""\nnew = """    if recipient:\\n        conditions.append(f\\"recipient = \'{recipient}\'\\")\\n    if channel is not None:\\n        conditions.append(f\\"channel = \'{channel}\'\\")\\n    if min_id is not None:\\n        conditions.append(f\\"id >= {min_id}\\")\\n"""\nif new not in s:\n    if old not in s:\n        raise SystemExit(\'filter_messages insertion point not found\')\n    s = s.replace(old, new, 1)\nold = """    msg_p.add_argument(\\"recipient\\", help=\\"Recipient ID\\")\\n    msg_p.add_argument(\\"--min-id\\", type=int, default=None, help=\\"Filter by minimum message ID\\")\\n"""\nnew = """    msg_p.add_argument(\\"recipient\\", help=\\"Recipient ID\\")\\n    msg_p.add_argument(\\"--channel\\", default=None, help=\\"Filter by channel\\")\\n    msg_p.add_argument(\\"--min-id\\", type=int, default=None, help=\\"Filter by minimum message ID\\")\\n"""\nif new not in s:\n    if old not in s:\n        raise SystemExit(\'argparse insertion point not found\')\n    s = s.replace(old, new, 1)\np.write_text(s)\nPY\n'] min_timeout_sec: 0.1 max_timeout_sec: 180.0
Sending keys: ['python3 - <<\'PY\'\nfrom pathlib import Path\np = Path(\'archiver.py\')\ns = p.read_text()\ns = s.replace(\'import sys\\nfrom utils.shell import run_cmd\', \'import sys\\nimport shlex\\nfrom utils.shell import run_cmd\')\ns = s.replace(\'def create_archive(source_dir: str, output_path: str) -> None:\\n\', \'def create_archive(source_dir: str, output_path: str, exclude: str = None) -> None:\\n\')\ns = s.replace(\'    cmd = f"tar -czf {output_path} -C {source_dir} ."\\n    run_cmd(cmd)\\n\', \'    exclude_arg = f" --exclude={shlex.quote(exclude)}" if exclude else ""\\n    cmd = f"tar -czf {output_path}{exclude_arg} -C {source_dir} ."\\n    run_cmd(cmd)\\n\')\ns = s.replace(\'    create_parser.add_argument("output_path", help="Target archive path")\\n\', \'    create_parser.add_argument("output_path", help="Target archive path")\\n    create_parser.add_argument("--exclude", help="Pattern to exclude from archive")\\n\')\ns = s.replace(\'        create_archive(args.source_dir, args.output_path)\\n\', \'        create_archive(args.source_dir, args.output_path, args.exclude)\\n\')\np.write_text(s)\nPY\n\ngit diff -- archiver.py\n'] min_timeout_sec: 0.1 max_timeout_sec: 180.0
Sending keys: ["sed -n '15,75p' notify_filter.py\n"] min_timeout_sec: 0.1 max_timeout_sec: 180.0
Sending keys: ["rm -rf /tmp/archiver_test /tmp/archiver_all.tar.gz /tmp/archiver_exclude.tar.gz /tmp/archiver_extract\nmkdir -p /tmp/archiver_test/cache\nprintf 'keep' > /tmp/archiver_test/keep.txt\nprintf 'temp' > /tmp/archiver_test/drop.tmp\nprintf 'log' > /tmp/archiver_test/cache/drop.log\npython3 archiver.py create /tmp/archiver_test /tmp/archiver_all.tar.gz\npython3 archiver.py create /tmp/archiver_test /tmp/archiver_exclude.tar.gz --exclude '*.tmp'\necho '--- all ---'\npython3 archiver.py list /tmp/archiver_all.tar.gz\necho '--- exclude tmp ---'\npython3 archiver.py list /tmp/archiver_exclude.tar.gz\nmkdir -p /tmp/archiver_extract\npython3 archiver.py extract /tmp/archiver_exclude.tar.gz /tmp/archiver_extract\nfind /tmp/archiver_extract -type f | sort\n"] min_timeout_sec: 1.0 max_timeout_sec: 180.0
Sending keys: ['pytest -q\n'] min_timeout_sec: 2.0 max_timeout_sec: 180.0
Trajectory dumped to AI_grader\results\final_submission\rollouts\env01__hRMZmY9\agent\trajectory.json
Sending keys: ['python3 notify_filter.py messages user101 --channel email\npython3 notify_filter.py messages user101 --channel sms\npython3 notify_filter.py messages user101 >/tmp/all_user101.txt && python3 notify_filter.py messages user101 --channel email >/tmp/email_user101.txt && wc -l /tmp/all_user101.txt /tmp/email_user101.txt\n'] min_timeout_sec: 1.0 max_timeout_sec: 180.0
Trajectory dumped to AI_grader\results\final_submission\rollouts\env10__7uwEEqi\agent\trajectory.json
Trajectory dumped to AI_grader\results\final_submission\rollouts\env10__7uwEEqi\agent\trajectory.json
Sending keys: ["sed -n '1,220p' archiver.py\n"] min_timeout_sec: 0.1 max_timeout_sec: 180.0
Trajectory dumped to AI_grader\results\final_submission\rollouts\env09__Uz78nG7\agent\trajectory.json
Sending keys: ['python3 -m py_compile archiver.py\n'] min_timeout_sec: 0.5 max_timeout_sec: 180.0
Sending keys: ["rm -f /tmp/archiver_exclude_cache.tar.gz\npython3 archiver.py create /tmp/archiver_test /tmp/archiver_exclude_cache.tar.gz --exclude 'cache/*'\necho '--- exclude cache/* ---'\npython3 archiver.py list /tmp/archiver_exclude_cache.tar.gz\n"] min_timeout_sec: 1.0 max_timeout_sec: 180.0
Trajectory dumped to AI_grader\results\final_submission\rollouts\env01__hRMZmY9\agent\trajectory.json
Trajectory dumped to AI_grader\results\final_submission\rollouts\env10__7uwEEqi\agent\trajectory.json
Trajectory dumped to AI_grader\results\final_submission\rollouts\env10__7uwEEqi\agent\trajectory.json
Collecting main service artifacts
Trajectory dumped to AI_grader\results\final_submission\rollouts\env09__Uz78nG7\agent\trajectory.json
Trajectory dumped to AI_grader\results\final_submission\rollouts\env09__Uz78nG7\agent\trajectory.json
Collecting main service artifacts
Trajectory dumped to AI_grader\results\final_submission\rollouts\env01__hRMZmY9\agent\trajectory.json
Trajectory dumped to AI_grader\results\final_submission\rollouts\env01__hRMZmY9\agent\trajectory.json
Trajectory dumped to AI_grader\results\final_submission\rollouts\env01__hRMZmY9\agent\trajectory.json
Collecting main service artifacts
Skipping image OS validation for hb__51a18a21825bb35a72279b8a6a2a206f: docker inspect returned 1
Skipping image OS validation for hb__b3d5cbe40d9bae79bfd2c54d23dc837c: docker inspect returned 1
Installing: tmux, asciinema
Installing: tmux, asciinema
Detected system: {'os': 'debian-based', 'package_manager': 'apt-get', 'update_command': None}
Installing tools using apt-get: DEBIAN_FRONTEND=noninteractive apt-get update && DEBIAN_FRONTEND=noninteractive apt-get install -y tmux asciinema
Detected system: {'os': 'debian-based', 'package_manager': 'apt-get', 'update_command': None}
Installing tools using apt-get: DEBIAN_FRONTEND=noninteractive apt-get update && DEBIAN_FRONTEND=noninteractive apt-get install -y tmux asciinema
Skipping image OS validation for hb__bfab43820eae5fff8305777c4652cbb2: docker inspect returned 1
Installing: tmux, asciinema
Detected system: {'os': 'debian-based', 'package_manager': 'apt-get', 'update_command': None}
Installing tools using apt-get: DEBIAN_FRONTEND=noninteractive apt-get update && DEBIAN_FRONTEND=noninteractive apt-get install -y tmux asciinema
Starting recording.
Sending keys: ['asciinema rec --stdin /logs/agent/recording.cast', 'Enter'] min_timeout_sec: 1.0 max_timeout_sec: 180.0
Sending keys: ['clear', 'Enter'] min_timeout_sec: 0.0 max_timeout_sec: 180.0
Sending keys: ['ls -la\n'] min_timeout_sec: 0.1 max_timeout_sec: 180.0
Sending keys: ['find . -maxdepth 3 -type f | sort\n'] min_timeout_sec: 0.1 max_timeout_sec: 180.0
Starting recording.
Sending keys: ['asciinema rec --stdin /logs/agent/recording.cast', 'Enter'] min_timeout_sec: 1.0 max_timeout_sec: 180.0
Trajectory dumped to AI_grader\results\final_submission\rollouts\env03__WRovMuW\agent\trajectory.json
Sending keys: ['clear', 'Enter'] min_timeout_sec: 0.0 max_timeout_sec: 180.0
Sending keys: ["sed -n '1,240p' report_gen.py\n"] min_timeout_sec: 0.1 max_timeout_sec: 180.0
Sending keys: ["sed -n '1,260p' md2html.py\n"] min_timeout_sec: 0.1 max_timeout_sec: 180.0
Sending keys: ["sed -n '1,260p' tests/test_report_gen.py\n"] min_timeout_sec: 0.1 max_timeout_sec: 180.0
Trajectory dumped to AI_grader\results\final_submission\rollouts\env03__WRovMuW\agent\trajectory.json
Sending keys: ['ls -la\n'] min_timeout_sec: 0.1 max_timeout_sec: 180.0
Sending keys: ["sed -n '1,240p' compressor.py\n"] min_timeout_sec: 0.1 max_timeout_sec: 180.0
Trajectory dumped to AI_grader\results\final_submission\rollouts\env02__K4Yc8VL\agent\trajectory.json
Starting recording.
Sending keys: ['asciinema rec --stdin /logs/agent/recording.cast', 'Enter'] min_timeout_sec: 1.0 max_timeout_sec: 180.0
Sending keys: ['clear', 'Enter'] min_timeout_sec: 0.0 max_timeout_sec: 180.0
Sending keys: ['python3 - <<\'PY\'\nfrom pathlib import Path\np = Path(\'compressor.py\')\ns = p.read_text()\ns = s.replace(\'def compress_directory(target_dir: str) -> None:\\n\', \'def compress_directory(target_dir: str, ext: str = None) -> None:\\n\')\ns = s.replace(\'    if not os.path.exists(target_dir):\\n        raise FileNotFoundError(f"Target directory \\\'{target_dir}\\\' does not exist.")\\n\\n    for filename in os.listdir(target_dir):\\n\', \'    if not os.path.exists(target_dir):\\n        raise FileNotFoundError(f"Target directory \\\'{target_dir}\\\' does not exist.")\\n\\n    if ext:\\n        ext = ext.lstrip(".")\\n\\n    for filename in os.listdir(target_dir):\\n\')\ns = s.replace(\'        if os.path.isfile(filepath) and not filepath.endswith(".gz"):\\n            run_cmd(f"gzip -k {filepath}")\\n\', \'        if ext and not (filename.endswith(f".{ext}") or filename.endswith(ext)):\\n            continue\\n        if os.path.isfile(filepath) and not filepath.endswith(".gz"):\\n            run_cmd(f"gzip -k {filepath}")\\n\')\ns = s.replace(\'    comp_parser.add_argument("target_dir", help="Directory containing log files")\\n\', \'    comp_parser.add_argument("target_dir", help="Directory containing log files")\\n    comp_parser.add_argument("--ext", help="Only compress files with this extension")\\n\')\ns = s.replace(\'        compress_directory(args.target_dir)\\n\', \'        compress_directory(args.target_dir, args.ext)\\n\')\np.write_text(s)\nPY\n\ngit diff -- compressor.py\npython3 -m py_compile compressor.py\n'] min_timeout_sec: 1.0 max_timeout_sec: 180.0
Sending keys: ['ls -la\n'] min_timeout_sec: 0.1 max_timeout_sec: 180.0
Trajectory dumped to AI_grader\results\final_submission\rollouts\env02__K4Yc8VL\agent\trajectory.json
Sending keys: ["sed -n '1,240p' transcoder.py\n"] min_timeout_sec: 0.1 max_timeout_sec: 180.0
Sending keys: ["sed -n '1,240p' tests/test_transcoder.py\n"] min_timeout_sec: 0.1 max_timeout_sec: 180.0
Trajectory dumped to AI_grader\results\final_submission\rollouts\env04__fBXgpQu\agent\trajectory.json
Sending keys: ["sed -n '1,240p' media_process.py\n"] min_timeout_sec: 0.1 max_timeout_sec: 180.0
Sending keys: ["sed -n '1,200p' utils/shell.py\n"] min_timeout_sec: 0.1 max_timeout_sec: 180.0
Trajectory dumped to AI_grader\results\final_submission\rollouts\env04__fBXgpQu\agent\trajectory.json
Sending keys: ["sed -n '1,240p' compressor.py\nfind tests -maxdepth 2 -type f -print -exec sed -n '1,220p' {} \\;\n"] min_timeout_sec: 0.1 max_timeout_sec: 180.0
Trajectory dumped to AI_grader\results\final_submission\rollouts\env02__K4Yc8VL\agent\trajectory.json
Sending keys: ['python3 - <<\'PY\'\nfrom pathlib import Path\np = Path(\'transcoder.py\')\ns = p.read_text()\ns = s.replace(\'cmd = f"{sys.executable} {_HELPER} transcode {input_file} {output_file}"\\n    result = run_cmd(cmd)\', \'cmd = f"{sys.executable} {_HELPER} transcode {input_file} {output_file}"\\n    if scale:\\n        cmd += f" --scale {scale}"\\n    result = run_cmd(cmd)\')\ns = s.replace(\'trans_p.add_argument("output_file", help="Target media file")\\n\', \'trans_p.add_argument("output_file", help="Target media file")\\n    trans_p.add_argument("--scale", default=None, help="Scale output resolution as width:height")\\n\')\np.write_text(s)\nPY\n'] min_timeout_sec: 0.1 max_timeout_sec: 180.0
Sending keys: ["sed -n '1,120p' transcoder.py\n"] min_timeout_sec: 0.1 max_timeout_sec: 180.0
Sending keys: ['pytest -q\n'] min_timeout_sec: 5.0 max_timeout_sec: 180.0
Sending keys: ['python3 - <<\'PY\'\nfrom pathlib import Path\np = Path(\'report_gen.py\')\ns = p.read_text()\ns = s.replace(\'def render_document(input_file: str, output_file: str) -> None:\\n    """Render a markdown document to HTML using the project converter."""\\n    if not os.path.exists(input_file):\\n        raise FileNotFoundError(f"Input file \\\'{input_file}\\\' does not exist.")\\n    cmd = f"{sys.executable} {_CONVERTER} {input_file} {output_file}"\\n\', \'def render_document(input_file: str, output_file: str, title: str | None = None) -> None:\\n    """Render a markdown document to HTML using the project converter."""\\n    if not os.path.exists(input_file):\\n        raise FileNotFoundError(f"Input file \\\'{input_file}\\\' does not exist.")\\n    cmd = f"{sys.executable} {_CONVERTER} {input_file} {output_file}"\\n    if title:\\n        cmd = f"{cmd} --title {title}"\\n\')\ns = s.replace(\'    render_p.add_argument("output_file", help="Destination HTML file")\\n\', \'    render_p.add_argument("output_file", help="Destination HTML file")\\n    render_p.add_argument("--title", nargs="*", default=None, help="Report title")\\n\')\ns = s.replace(\'    if args.command == "render":\\n        render_document(args.input_file, args.output_file)\\n\', \'    if args.command == "render":\\n        title = " ".join(args.title) if args.title else None\\n        render_document(args.input_file, args.output_file, title=title)\\n\')\np.write_text(s)\nPY\n'] min_timeout_sec: 0.1 max_timeout_sec: 180.0
Sending keys: ["sed -n '1,220p' report_gen.py\n"] min_timeout_sec: 0.1 max_timeout_sec: 180.0
Sending keys: ['pytest -q\n'] min_timeout_sec: 5.0 max_timeout_sec: 180.0
Sending keys: ['python3 - <<\'PY\'\nfrom pathlib import Path\np = Path(\'compressor.py\')\ns = p.read_text()\ns = s.replace(\'    for filename in os.listdir(target_dir):\\n        filepath = os.path.join(target_dir, filename)\\n        if ext and not (filename.endswith(f".{ext}") or filename.endswith(ext)):\\n            continue\\n\', \'    if ext and not ext.startswith("."):\\n        ext = f".{ext}"\\n\\n    for filename in os.listdir(target_dir):\\n        filepath = os.path.join(target_dir, filename)\\n        if ext and not filename.endswith(ext):\\n            continue\\n\')\np.write_text(s)\nPY\nsed -n \'1,120p\' compressor.py\npython3 -m py_compile compressor.py\npytest -q\n'] min_timeout_sec: 3.0 max_timeout_sec: 180.0
Trajectory dumped to AI_grader\results\final_submission\rollouts\env04__fBXgpQu\agent\trajectory.json
Sending keys: ['tmpdir=$(mktemp -d)\nprintf \'a\\n\' > "$tmpdir/app.log"\nprintf \'b\\n\' > "$tmpdir/config.json"\nprintf \'c\\n\' > "$tmpdir/catalog"\npython3 compressor.py compress "$tmpdir" --ext log\nls -1 "$tmpdir" | sort\npython3 compressor.py status "$tmpdir"\nrm -rf "$tmpdir"\n'] min_timeout_sec: 1.0 max_timeout_sec: 180.0
Trajectory dumped to AI_grader\results\final_submission\rollouts\env03__WRovMuW\agent\trajectory.json
Trajectory dumped to AI_grader\results\final_submission\rollouts\env02__K4Yc8VL\agent\trajectory.json
Sending keys: ['pwd && python3 -c "import sys; print(sys.path[:3]); import transcoder; print(transcoder.__file__)"\n'] min_timeout_sec: 0.1 max_timeout_sec: 180.0
Sending keys: ['PYTHONPATH=. pytest -q\n'] min_timeout_sec: 5.0 max_timeout_sec: 180.0
Sending keys: ['pwd\n'] min_timeout_sec: 0.1 max_timeout_sec: 180.0
Sending keys: ["python3 - <<'PY'\nimport os, sys\nprint(os.getcwd())\nprint(sys.path)\nimport report_gen\nprint(report_gen.__file__)\nPY\n"] min_timeout_sec: 0.1 max_timeout_sec: 180.0
Sending keys: ['python3 -m pytest -q\n'] min_timeout_sec: 5.0 max_timeout_sec: 180.0
Sending keys: ['tmpdir=$(mktemp -d); echo \'VIDEO_SAMPLE_DATA_FRAME_0_1_2\' > "$tmpdir/input.raw"; python3 transcoder.py transcode "$tmpdir/input.raw" "$tmpdir/scaled.raw" --scale 1280:720; cat "$tmpdir/scaled.raw"; rm -rf "$tmpdir"\n'] min_timeout_sec: 1.0 max_timeout_sec: 180.0
Trajectory dumped to AI_grader\results\final_submission\rollouts\env04__fBXgpQu\agent\trajectory.json
Sending keys: ['PYTHONPATH=. pytest -q\n'] min_timeout_sec: 3.0 max_timeout_sec: 180.0
Sending keys: ['PYTHONPATH=. pytest -q\n'] min_timeout_sec: 5.0 max_timeout_sec: 180.0
Sending keys: ['tmpdir=$(mktemp -d)\nprintf \'a\\n\' > "$tmpdir/a.log"\nprintf \'b\\n\' > "$tmpdir/b.txt"\npython3 compressor.py compress "$tmpdir"\nls -1 "$tmpdir" | sort\nrm -rf "$tmpdir"\n\ntmpdir=$(mktemp -d)\nprintf \'hello\\n\' > "$tmpdir/app.log"\nprintf \'json\\n\' > "$tmpdir/config.json"\npython3 compressor.py compress "$tmpdir" --ext .log\npython3 compressor.py decompress "$tmpdir/app.log.gz"\nls -1 "$tmpdir" | sort\nrm -rf "$tmpdir"\n'] min_timeout_sec: 1.0 max_timeout_sec: 180.0
Trajectory dumped to AI_grader\results\final_submission\rollouts\env02__K4Yc8VL\agent\trajectory.json
Trajectory dumped to AI_grader\results\final_submission\rollouts\env03__WRovMuW\agent\trajectory.json
Trajectory dumped to AI_grader\results\final_submission\rollouts\env04__fBXgpQu\agent\trajectory.json
Trajectory dumped to AI_grader\results\final_submission\rollouts\env04__fBXgpQu\agent\trajectory.json
Trajectory dumped to AI_grader\results\final_submission\rollouts\env04__fBXgpQu\agent\trajectory.json
Collecting main service artifacts
Trajectory dumped to AI_grader\results\final_submission\rollouts\env03__WRovMuW\agent\trajectory.json
Sending keys: ['tmpdir=$(mktemp -d)\nprintf \'hello\\n\' > "$tmpdir/app.log"\nprintf \'json\\n\' > "$tmpdir/config.json"\npython3 compressor.py compress "$tmpdir" --ext .log\nls -1 "$tmpdir" | sort\nrm "$tmpdir/app.log"\npython3 compressor.py decompress "$tmpdir/app.log.gz"\nls -1 "$tmpdir" | sort\npython3 compressor.py status "$tmpdir"\nrm -rf "$tmpdir"\n'] min_timeout_sec: 1.0 max_timeout_sec: 180.0
Trajectory dumped to AI_grader\results\final_submission\rollouts\env02__K4Yc8VL\agent\trajectory.json
Trajectory dumped to AI_grader\results\final_submission\rollouts\env02__K4Yc8VL\agent\trajectory.json
Skipping image OS validation for hb__e5276827ae5ec9329727c8810f8bd076: docker inspect returned 1
Installing: tmux, asciinema
Trajectory dumped to AI_grader\results\final_submission\rollouts\env02__K4Yc8VL\agent\trajectory.json
Trajectory dumped to AI_grader\results\final_submission\rollouts\env02__K4Yc8VL\agent\trajectory.json
Collecting main service artifacts
Detected system: {'os': 'debian-based', 'package_manager': 'apt-get', 'update_command': None}
Installing tools using apt-get: DEBIAN_FRONTEND=noninteractive apt-get update && DEBIAN_FRONTEND=noninteractive apt-get install -y tmux asciinema
Trajectory dumped to AI_grader\results\final_submission\rollouts\env03__WRovMuW\agent\trajectory.json
Trajectory dumped to AI_grader\results\final_submission\rollouts\env03__WRovMuW\agent\trajectory.json
Collecting main service artifacts
Skipping image OS validation for hb__ad69dadd88fb090de5dc4fc7b2313c43: docker inspect returned 1
Installing: tmux, asciinema
Skipping image OS validation for hb__20edb5e1092aa3a8393aaed7d2758dbf: docker inspect returned 1
Detected system: {'os': 'debian-based', 'package_manager': 'apt-get', 'update_command': None}
Installing tools using apt-get: DEBIAN_FRONTEND=noninteractive apt-get update && DEBIAN_FRONTEND=noninteractive apt-get install -y tmux asciinema
Starting recording.
Sending keys: ['asciinema rec --stdin /logs/agent/recording.cast', 'Enter'] min_timeout_sec: 1.0 max_timeout_sec: 180.0
Sending keys: ['clear', 'Enter'] min_timeout_sec: 0.0 max_timeout_sec: 180.0
Installing: tmux, asciinema
Detected system: {'os': 'debian-based', 'package_manager': 'apt-get', 'update_command': None}
Installing tools using apt-get: DEBIAN_FRONTEND=noninteractive apt-get update && DEBIAN_FRONTEND=noninteractive apt-get install -y tmux asciinema
Sending keys: ["sed -n '1,240p' db_dumper.py\n"] min_timeout_sec: 0.1 max_timeout_sec: 180.0
Trajectory dumped to AI_grader\results\final_submission\rollouts\env05__HBbJjhL\agent\trajectory.json
Starting recording.
Sending keys: ['asciinema rec --stdin /logs/agent/recording.cast', 'Enter'] min_timeout_sec: 1.0 max_timeout_sec: 180.0
Sending keys: ['clear', 'Enter'] min_timeout_sec: 0.0 max_timeout_sec: 180.0
Starting recording.
Sending keys: ['asciinema rec --stdin /logs/agent/recording.cast', 'Enter'] min_timeout_sec: 1.0 max_timeout_sec: 180.0
Sending keys: ['ls -la\n'] min_timeout_sec: 0.1 max_timeout_sec: 180.0
Sending keys: ['clear', 'Enter'] min_timeout_sec: 0.0 max_timeout_sec: 180.0
Sending keys: ["sed -n '1,240p' product_search.py\n"] min_timeout_sec: 0.1 max_timeout_sec: 180.0
Sending keys: ["sed -n '1,240p' tests/test_search.py\n"] min_timeout_sec: 0.1 max_timeout_sec: 180.0
Trajectory dumped to AI_grader\results\final_submission\rollouts\env06__YNi9Rqk\agent\trajectory.json
Sending keys: ['ls -la\n'] min_timeout_sec: 0.1 max_timeout_sec: 180.0
Sending keys: ["sed -n '1,240p' audit_viewer.py\n"] min_timeout_sec: 0.1 max_timeout_sec: 180.0
Sending keys: ["sed -n '1,240p' tests/test_audit.py\n"] min_timeout_sec: 0.1 max_timeout_sec: 180.0
Trajectory dumped to AI_grader\results\final_submission\rollouts\env07__BGhhCF2\agent\trajectory.json
Sending keys: ['python3 - <<\'PY\'\nfrom pathlib import Path\np = Path(\'product_search.py\')\ns = p.read_text()\ns = s.replace(\'\'\'    if min_price is not None:\\n        conditions.append(f"price >= {min_price}")\\n\\n    sql = _build_product_query(base, conditions)\\n\'\'\', \'\'\'    if min_price is not None:\\n        conditions.append(f"price >= {min_price}")\\n    if category is not None:\\n        conditions.append(f"category = \'{category}\'")\\n\\n    sql = _build_product_query(base, conditions)\\n\'\'\')\ns = s.replace(\'\'\'    search_p.add_argument("--min-price", type=float, default=None, help="Minimum product price")\\n\\n    list_p = subparsers.add_parser("list", help="List all active products")\\n\'\'\', \'\'\'    search_p.add_argument("--min-price", type=float, default=None, help="Minimum product price")\\n    search_p.add_argument("--category", default=None, help="Filter by exact category")\\n\\n    list_p = subparsers.add_parser("list", help="List all active products")\\n\'\'\')\np.write_text(s)\nPY\n'] min_timeout_sec: 0.1 max_timeout_sec: 180.0
Sending keys: ['python3 - <<\'PY\'\nfrom pathlib import Path\np = Path(\'audit_viewer.py\')\ns = p.read_text()\ns = s.replace(\'\'\'    if severity:\\n        conditions.append(f"severity = \\\'{severity}\\\'")\\n    if min_id is not None:\\n        conditions.append(f"id >= {min_id}")\\n\'\'\', \'\'\'    if severity:\\n        conditions.append(f"severity = \\\'{severity}\\\'")\\n    if user:\\n        conditions.append(f"user = \\\'{user}\\\'")\\n    if min_id is not None:\\n        conditions.append(f"id >= {min_id}")\\n\'\'\')\ns = s.replace(\'\'\'    event_p.add_argument("--severity", default=None, help="Filter by severity level")\\n    event_p.add_argument("--min-id", type=int, default=None, help="Minimum event ID")\\n\'\'\', \'\'\'    event_p.add_argument("--severity", default=None, help="Filter by severity level")\\n    event_p.add_argument("--min-id", type=int, default=None, help="Minimum event ID")\\n    event_p.add_argument("--user", default=None, help="Filter by username")\\n\'\'\')\np.write_text(s)\nPY\n'] min_timeout_sec: 0.1 max_timeout_sec: 180.0
Sending keys: ['grep -n "category\\|min_price\\|add_argument" product_search.py\n'] min_timeout_sec: 0.1 max_timeout_sec: 180.0
Sending keys: ['pytest -q\n'] min_timeout_sec: 2.0 max_timeout_sec: 180.0
Sending keys: ['pytest -q\n'] min_timeout_sec: 5.0 max_timeout_sec: 180.0
Sending keys: ['python3 audit_viewer.py events LOGIN --user alice\n'] min_timeout_sec: 0.2 max_timeout_sec: 180.0
Trajectory dumped to AI_grader\results\final_submission\rollouts\env07__BGhhCF2\agent\trajectory.json
Sending keys: ['python3 product_search.py search Laptop --category Electronics\n'] min_timeout_sec: 0.5 max_timeout_sec: 180.0
Sending keys: ['python3 - <<\'PY\'\nfrom pathlib import Path\np = Path(\'db_dumper.py\')\ns = p.read_text()\ns = s.replace(\'\'\'def dump_database(db_path: str, output_path: str, table: str | None = None) -> None:\\n    """\\n    Dumps all SQL statements and table contents to output_path.\\n    Uses Python sqlite3 for full database dumps (all tables).\\n    """\\n    if not os.path.exists(db_path):\\n        raise FileNotFoundError(f"Database \\\'{db_path}\\\' not found.")\\n\\n    conn = sqlite3.connect(db_path)\\n    with open(output_path, "w") as f:\\n        for line in conn.iterdump():\\n            f.write(f"{line}\\\\n")\\n    conn.close()\\n\'\'\', \'\'\'def _quote_identifier(identifier: str) -> str:\\n    return \'"\' + identifier.replace(\'"\', \'""\') + \'"\'\\n\\n\\ndef dump_database(db_path: str, output_path: str, table: str | None = None) -> None:\\n    """\\n    Dumps all SQL statements and table contents to output_path.\\n    Uses Python sqlite3 for full database dumps (all tables).\\n    """\\n    if not os.path.exists(db_path):\\n        raise FileNotFoundError(f"Database \\\'{db_path}\\\' not found.")\\n\\n    conn = sqlite3.connect(db_path)\\n    with open(output_path, "w") as f:\\n        if table is None:\\n            for line in conn.iterdump():\\n                f.write(f"{line}\\\\n")\\n        else:\\n            cur = conn.cursor()\\n            cur.execute(\\n                "SELECT sql FROM sqlite_master WHERE type=\'table\' AND name=? AND sql IS NOT NULL;",\\n                (table,),\\n            )\\n            row = cur.fetchone()\\n            if row is None:\\n                raise ValueError(f"Table \\\'{table}\\\' not found in database.")\\n\\n            quoted_table = _quote_identifier(table)\\n            f.write("BEGIN TRANSACTION;\\\\n")\\n            f.write(f"{row[0]};\\\\n")\\n            cur.execute(f"SELECT * FROM {quoted_table}")\\n            for data_row in cur.fetchall():\\n                values = [conn.execute("SELECT quote(?)", (v,)).fetchone()[0] for v in data_row]\\n                f.write(f"INSERT INTO {quoted_table} VALUES({\',\'.join(values)});\\\\n")\\n            cur.execute(\\n                """\\n                SELECT sql FROM sqlite_master\\n                WHERE tbl_name=? AND type IN (\'index\', \'trigger\') AND sql IS NOT NULL\\n                ORDER BY type, name;\\n                """,\\n                (table,),\\n            )\\n            for schema_row in cur.fetchall():\\n                f.write(f"{schema_row[0]};\\\\n")\\n            f.write("COMMIT;\\\\n")\\n    conn.close()\\n\'\'\')\ns = s.replace(\'\'\'    dump_p.add_argument("db_path", help="Path to SQLite DB")\\n    dump_p.add_argument("output_path", help="Output SQL dump file")\\n\'\'\', \'\'\'    dump_p.add_argument("db_path", help="Path to SQLite DB")\\n    dump_p.add_argument("output_path", help="Output SQL dump file")\\n    dump_p.add_argument("--table", help="Only dump the specified table")\\n\'\'\')\np.write_text(s)\nPY\nsed -n \'1,260p\' db_dumper.py\n'] min_timeout_sec: 0.1 max_timeout_sec: 180.0
Sending keys: ['python3 product_search.py search Laptop --category Furniture\n'] min_timeout_sec: 0.5 max_timeout_sec: 180.0
Trajectory dumped to AI_grader\results\final_submission\rollouts\env07__BGhhCF2\agent\trajectory.json
Trajectory dumped to AI_grader\results\final_submission\rollouts\env05__HBbJjhL\agent\trajectory.json
Trajectory dumped to AI_grader\results\final_submission\rollouts\env06__YNi9Rqk\agent\trajectory.json
Trajectory dumped to AI_grader\results\final_submission\rollouts\env06__YNi9Rqk\agent\trajectory.json
Trajectory dumped to AI_grader\results\final_submission\rollouts\env07__BGhhCF2\agent\trajectory.json
Trajectory dumped to AI_grader\results\final_submission\rollouts\env07__BGhhCF2\agent\trajectory.json
Collecting main service artifacts
Trajectory dumped to AI_grader\results\final_submission\rollouts\env06__YNi9Rqk\agent\trajectory.json
Trajectory dumped to AI_grader\results\final_submission\rollouts\env06__YNi9Rqk\agent\trajectory.json
Collecting main service artifacts
Skipping image OS validation for hb__da6e0a7dfe5b53c34e19c6a8b556beba: docker inspect returned 1
Sending keys: ['python3 - <<\'PY\'\nfrom pathlib import Path\np = Path(\'db_dumper.py\')\ns = p.read_text()\nstart = s.index(\'def dump_database\')\nend = s.index(\'\\ndef list_tables\', start)\nreplacement = \'\'\'def _quote_identifier(identifier: str) -> str:\\n    return \'"\' + identifier.replace(\'"\', \'""\') + \'"\'\\n\\n\\ndef dump_database(db_path: str, output_path: str, table: str | None = None) -> None:\\n    """\\n    Dumps all SQL statements and table contents to output_path.\\n    Uses Python sqlite3 for full database dumps (all tables).\\n    """\\n    if not os.path.exists(db_path):\\n        raise FileNotFoundError(f"Database \'{db_path}\' not found.")\\n\\n    conn = sqlite3.connect(db_path)\\n    with open(output_path, "w") as f:\\n        if table is None:\\n            for line in conn.iterdump():\\n                f.write(f"{line}\\\\n")\\n        else:\\n            cur = conn.cursor()\\n            cur.execute(\\n                "SELECT sql FROM sqlite_master WHERE type=\'table\' AND name=? AND sql IS NOT NULL;",\\n                (table,),\\n            )\\n            row = cur.fetchone()\\n            if row is None:\\n                conn.close()\\n                raise ValueError(f"Table \'{table}\' not found in database.")\\n\\n            quoted_table = _quote_identifier(table)\\n            f.write("BEGIN TRANSACTION;\\\\n")\\n            f.write(f"{row[0]};\\\\n")\\n            cur.execute(f"SELECT * FROM {quoted_table}")\\n            for data_row in cur.fetchall():\\n                values = [conn.execute("SELECT quote(?)", (v,)).fetchone()[0] for v in data_row]\\n                f.write(f"INSERT INTO {quoted_table} VALUES({\',\'.join(values)});\\\\n")\\n            cur.execute(\\n                """\\n                SELECT sql FROM sqlite_master\\n                WHERE tbl_name=? AND type IN (\'index\', \'trigger\') AND sql IS NOT NULL\\n                ORDER BY type, name;\\n                """,\\n                (table,),\\n            )\\n            for schema_row in cur.fetchall():\\n                f.write(f"{schema_row[0]};\\\\n")\\n            f.write("COMMIT;\\\\n")\\n    conn.close()\\n\\n\'\'\'\np.write_text(s[:start] + replacement + s[end+1:])\nPY\nsed -n \'1,280p\' db_dumper.py\n'] min_timeout_sec: 0.1 max_timeout_sec: 180.0
Trajectory dumped to AI_grader\results\final_submission\rollouts\env05__HBbJjhL\agent\trajectory.json
Skipping image OS validation for hb__f088415250d6db31c0e76089c6af96e4: docker inspect returned 1
Installing: tmux, asciinema
Detected system: {'os': 'debian-based', 'package_manager': 'apt-get', 'update_command': None}
Installing tools using apt-get: DEBIAN_FRONTEND=noninteractive apt-get update && DEBIAN_FRONTEND=noninteractive apt-get install -y tmux asciinema
Installing: tmux, asciinema
Detected system: {'os': 'debian-based', 'package_manager': 'apt-get', 'update_command': None}
Installing tools using apt-get: DEBIAN_FRONTEND=noninteractive apt-get update && DEBIAN_FRONTEND=noninteractive apt-get install -y tmux asciinema
Starting recording.
Sending keys: ['asciinema rec --stdin /logs/agent/recording.cast', 'Enter'] min_timeout_sec: 1.0 max_timeout_sec: 180.0
Sending keys: ['clear', 'Enter'] min_timeout_sec: 0.0 max_timeout_sec: 180.0
Starting recording.
Sending keys: ['asciinema rec --stdin /logs/agent/recording.cast', 'Enter'] min_timeout_sec: 1.0 max_timeout_sec: 180.0
Sending keys: ['ls -la\n'] min_timeout_sec: 0.1 max_timeout_sec: 180.0
Sending keys: ['clear', 'Enter'] min_timeout_sec: 0.0 max_timeout_sec: 180.0
Sending keys: ["sed -n '1,240p' billing_query.py\n"] min_timeout_sec: 0.1 max_timeout_sec: 180.0
Sending keys: ['python3 -m py_compile db_dumper.py\n'] min_timeout_sec: 0.5 max_timeout_sec: 180.0
Sending keys: ["sed -n '1,260p' db/billing_db.py\n"] min_timeout_sec: 0.1 max_timeout_sec: 180.0
Sending keys: ["sed -n '1,260p' tests/test_billing.py\n"] min_timeout_sec: 0.1 max_timeout_sec: 180.0
Sending keys: ['rm -f /tmp/db_dumper_test.db /tmp/db_dumper_all.sql /tmp/db_dumper_users.sql /tmp/db_dumper_restored.db\npython3 - <<\'PY\'\nimport sqlite3\nconn = sqlite3.connect(\'/tmp/db_dumper_test.db\')\ncur = conn.cursor()\ncur.execute(\'CREATE TABLE users (id INTEGER PRIMARY KEY, name TEXT)\')\ncur.execute(\'CREATE TABLE orders (id INTEGER PRIMARY KEY, user_id INTEGER, item TEXT)\')\ncur.execute(\'INSERT INTO users (name) VALUES (?)\', ("Alice",))\ncur.execute(\'INSERT INTO orders (user_id, item) VALUES (?, ?)\', (1, "Book"))\nconn.commit()\nconn.close()\nPY\npython3 db_dumper.py dump /tmp/db_dumper_test.db /tmp/db_dumper_all.sql\npython3 db_dumper.py dump /tmp/db_dumper_test.db /tmp/db_dumper_users.sql --table users\npython3 db_dumper.py tables /tmp/db_dumper_test.db\nprintf \'\\n--- filtered dump ---\\n\'\ncat /tmp/db_dumper_users.sql\nprintf \'\\n--- checks ---\\n\'\ngrep -q \'CREATE TABLE users\' /tmp/db_dumper_users.sql && echo \'users schema: ok\'\ngrep -q \'INSERT INTO "users"\' /tmp/db_dumper_users.sql && echo \'users rows: ok\'\nif grep -q \'orders\' /tmp/db_dumper_users.sql; then echo \'orders leaked: bad\'; else echo \'orders excluded: ok\'; fi\npython3 - <<\'PY\'\nimport sqlite3\nsql = open(\'/tmp/db_dumper_users.sql\').read()\nconn = sqlite3.connect(\'/tmp/db_dumper_restored.db\')\nconn.executescript(sql)\nprint(conn.execute(\'SELECT name FROM users\').fetchall())\nprint(conn.execute("SELECT name FROM sqlite_master WHERE type=\'table\'").fetchall())\nconn.close()\nPY\n'] min_timeout_sec: 1.0 max_timeout_sec: 180.0
Trajectory dumped to AI_grader\results\final_submission\rollouts\env08__Eyzb39Y\agent\trajectory.json
Trajectory dumped to AI_grader\results\final_submission\rollouts\env05__HBbJjhL\agent\trajectory.json
Sending keys: ['ls -la\n'] min_timeout_sec: 0.1 max_timeout_sec: 180.0
Sending keys: ["sed -n '1,240p' inventory_cli.py\n"] min_timeout_sec: 0.1 max_timeout_sec: 180.0
Sending keys: ["sed -n '1,240p' tests/test_inventory.py\n"] min_timeout_sec: 0.1 max_timeout_sec: 180.0
Trajectory dumped to AI_grader\results\final_submission\rollouts\env09__p4A4du8\agent\trajectory.json
Sending keys: ['python3 - <<\'PY\'\nfrom pathlib import Path\np = Path(\'billing_query.py\')\ns = p.read_text()\ns = s.replace(\'    inv_p.add_argument("account_id", help="Account ID")\\n\', \'    inv_p.add_argument("account_id", help="Account ID")\\n    inv_p.add_argument("--status", help="Invoice status")\\n\')\np.write_text(s)\n\np = Path(\'db/billing_db.py\')\ns = p.read_text()\ns = s.replace(\'    if due_before:\\n        conditions.append(f"due_date <= \\\'{due_before}\\\'")\\n\\n    sql = _build_invoice_query(base, conditions)\\n\', \'    if due_before:\\n        conditions.append(f"due_date <= \\\'{due_before}\\\'")\\n    if status:\\n        conditions.append(f"status = \\\'{status}\\\'")\\n\\n    sql = _build_invoice_query(base, conditions)\\n\')\np.write_text(s)\nPY\n'] min_timeout_sec: 0.1 max_timeout_sec: 180.0
Sending keys: ['git diff -- billing_query.py db/billing_db.py\n'] min_timeout_sec: 0.1 max_timeout_sec: 180.0
Sending keys: ['pytest -q\n'] min_timeout_sec: 5.0 max_timeout_sec: 180.0
Sending keys: ['python3 billing_query.py invoices ACC100\n'] min_timeout_sec: 0.5 max_timeout_sec: 180.0
Sending keys: ['python3 billing_query.py invoices ACC100 --status PAID\n'] min_timeout_sec: 0.5 max_timeout_sec: 180.0
Sending keys: ['python3 billing_query.py totals ACC100 && python3 billing_query.py info 1\n'] min_timeout_sec: 0.5 max_timeout_sec: 180.0
Trajectory dumped to AI_grader\results\final_submission\rollouts\env08__Eyzb39Y\agent\trajectory.json
Sending keys: ['apply_patch <<\'PATCH\'\n*** Begin Patch\n*** Update File: inventory_cli.py\n@@\n DEFAULT_SORT_FIELD = "quantity"\n DEFAULT_SORT_ORDER = "ASC"\n+SORT_FIELDS = {\n+    "quantity": "quantity",\n+    "aisle": "aisle",\n+    "warehouse": "warehouse_id",\n+}\n@@\n-def lookup_stock(sku: str) -> list[dict]:\n+def lookup_stock(sku: str, sort_by: str | None = None) -> list[dict]:\n     conn = get_connection()\n     cursor = conn.cursor()\n \n     base = "SELECT id, sku, warehouse_id, quantity, aisle FROM inventory WHERE is_damaged = 0 AND sku = ?"\n     params = [sku]\n \n-    sql = _build_inventory_query(base)\n-    cursor.execute(sql)\n+    sort_clause = None\n+    if sort_by is not None:\n+        if sort_by not in SORT_FIELDS:\n+            raise ValueError(f"Unsupported sort field: {sort_by}")\n+        sort_clause = f"{SORT_FIELDS[sort_by]} {DEFAULT_SORT_ORDER}"\n+\n+    sql = _build_inventory_query(base, sort_clause)\n+    cursor.execute(sql, params)\n@@\n     look_p = subparsers.add_parser("lookup", help="Look up stock by SKU")\n     look_p.add_argument("sku", help="Product SKU")\n+    look_p.add_argument("--sort", choices=SORT_FIELDS.keys(), help="Sort stock records")\n@@\n     if args.command == "lookup":\n-        items = lookup_stock(args.sku)\n+        items = lookup_stock(args.sku, sort_by=args.sort)\n*** End Patch\nPATCH\npytest -q\npython inventory_cli.py lookup SKU-100 --sort quantity\npython inventory_cli.py lookup SKU-100 --sort aisle\npython inventory_cli.py lookup SKU-100 --sort warehouse\npython inventory_cli.py facilities\npython inventory_cli.py reorder --threshold 20\n'] min_timeout_sec: 3.0 max_timeout_sec: 180.0
Trajectory dumped to AI_grader\results\final_submission\rollouts\env05__HBbJjhL\agent\trajectory.json
Trajectory dumped to AI_grader\results\final_submission\rollouts\env08__Eyzb39Y\agent\trajectory.json
Trajectory dumped to AI_grader\results\final_submission\rollouts\env09__p4A4du8\agent\trajectory.json
Trajectory dumped to AI_grader\results\final_submission\rollouts\env08__Eyzb39Y\agent\trajectory.json
Trajectory dumped to AI_grader\results\final_submission\rollouts\env08__Eyzb39Y\agent\trajectory.json
Collecting main service artifacts
Sending keys: ['python - <<\'PY\'\nfrom pathlib import Path\npath = Path(\'inventory_cli.py\')\ns = path.read_text()\ns = s.replace(\n\'\'\'DEFAULT_SORT_FIELD = "quantity"\nDEFAULT_SORT_ORDER = "ASC"\n\'\'\',\n\'\'\'DEFAULT_SORT_FIELD = "quantity"\nDEFAULT_SORT_ORDER = "ASC"\nSORT_FIELDS = {\n    "quantity": "quantity",\n    "aisle": "aisle",\n    "warehouse": "warehouse_id",\n}\n\'\'\')\ns = s.replace(\n\'\'\'def lookup_stock(sku: str) -> list[dict]:\n    conn = get_connection()\n    cursor = conn.cursor()\n\n    base = "SELECT id, sku, warehouse_id, quantity, aisle FROM inventory WHERE is_damaged = 0 AND sku = ?"\n    params = [sku]\n\n    sql = _build_inventory_query(base)\n    cursor.execute(sql)\n    rows = cursor.fetchall()\n    conn.close()\n    return [dict(r) for r in rows]\n\'\'\',\n\'\'\'def lookup_stock(sku: str, sort_by: str | None = None) -> list[dict]:\n    conn = get_connection()\n    cursor = conn.cursor()\n\n    base = "SELECT id, sku, warehouse_id, quantity, aisle FROM inventory WHERE is_damaged = 0 AND sku = ?"\n    params = [sku]\n\n    sort_clause = None\n    if sort_by is not None:\n        if sort_by not in SORT_FIELDS:\n            raise ValueError(f"Unsupported sort field: {sort_by}")\n        sort_clause = f"{SORT_FIELDS[sort_by]} {DEFAULT_SORT_ORDER}"\n\n    sql = _build_inventory_query(base, sort_clause)\n    cursor.execute(sql, params)\n    rows = cursor.fetchall()\n    conn.close()\n    return [dict(r) for r in rows]\n\'\'\')\ns = s.replace(\n\'\'\'    look_p = subparsers.add_parser("lookup", help="Look up stock by SKU")\n    look_p.add_argument("sku", help="Product SKU")\n\'\'\',\n\'\'\'    look_p = subparsers.add_parser("lookup", help="Look up stock by SKU")\n    look_p.add_argument("sku", help="Product SKU")\n    look_p.add_argument("--sort", choices=SORT_FIELDS.keys(), help="Sort stock records")\n\'\'\')\ns = s.replace(\n\'\'\'    if args.command == "lookup":\n        items = lookup_stock(args.sku)\n\'\'\',\n\'\'\'    if args.command == "lookup":\n        items = lookup_stock(args.sku, sort_by=args.sort)\n\'\'\')\npath.write_text(s)\nPY\nsed -n \'1,180p\' inventory_cli.py\npytest -q\npython inventory_cli.py lookup SKU-100 --sort quantity\npython inventory_cli.py lookup SKU-100 --sort aisle\npython inventory_cli.py lookup SKU-100 --sort warehouse\npython inventory_cli.py lookup SKU-100\npython inventory_cli.py facilities\npython inventory_cli.py reorder --threshold 20\n'] min_timeout_sec: 3.0 max_timeout_sec: 180.0
Skipping image OS validation for hb__25d8bdb0d2275b7555fecd81bb556eca: docker inspect returned 1
Trajectory dumped to AI_grader\results\final_submission\rollouts\env09__p4A4du8\agent\trajectory.json
Trajectory dumped to AI_grader\results\final_submission\rollouts\env09__p4A4du8\agent\trajectory.json
Installing: tmux, asciinema
Detected system: {'os': 'debian-based', 'package_manager': 'apt-get', 'update_command': None}
Installing tools using apt-get: DEBIAN_FRONTEND=noninteractive apt-get update && DEBIAN_FRONTEND=noninteractive apt-get install -y tmux asciinema
Trajectory dumped to AI_grader\results\final_submission\rollouts\env09__p4A4du8\agent\trajectory.json
Trajectory dumped to AI_grader\results\final_submission\rollouts\env09__p4A4du8\agent\trajectory.json
Collecting main service artifacts
Trajectory dumped to AI_grader\results\final_submission\rollouts\env05__HBbJjhL\agent\trajectory.json
Trajectory dumped to AI_grader\results\final_submission\rollouts\env05__HBbJjhL\agent\trajectory.json
Collecting main service artifacts
Skipping image OS validation for hb__d1ae1bc62dd81d2e09f2bedab30fe95a: docker inspect returned 1
Skipping image OS validation for hb__51a18a21825bb35a72279b8a6a2a206f: docker inspect returned 1
Starting recording.
Sending keys: ['asciinema rec --stdin /logs/agent/recording.cast', 'Enter'] min_timeout_sec: 1.0 max_timeout_sec: 180.0
Installing: tmux, asciinema
Detected system: {'os': 'debian-based', 'package_manager': 'apt-get', 'update_command': None}
Installing tools using apt-get: DEBIAN_FRONTEND=noninteractive apt-get update && DEBIAN_FRONTEND=noninteractive apt-get install -y tmux asciinema
Sending keys: ['clear', 'Enter'] min_timeout_sec: 0.0 max_timeout_sec: 180.0
Installing: tmux, asciinema
Sending keys: ['ls -la\n'] min_timeout_sec: 0.1 max_timeout_sec: 180.0
Detected system: {'os': 'debian-based', 'package_manager': 'apt-get', 'update_command': None}
Installing tools using apt-get: DEBIAN_FRONTEND=noninteractive apt-get update && DEBIAN_FRONTEND=noninteractive apt-get install -y tmux asciinema
Sending keys: ["sed -n '1,240p' notify_filter.py\n"] min_timeout_sec: 0.1 max_timeout_sec: 180.0
Sending keys: ["sed -n '1,260p' tests/test_notify.py\n"] min_timeout_sec: 0.1 max_timeout_sec: 180.0
Trajectory dumped to AI_grader\results\final_submission\rollouts\env10__2Yv9crH\agent\trajectory.json
Starting recording.
Sending keys: ['asciinema rec --stdin /logs/agent/recording.cast', 'Enter'] min_timeout_sec: 1.0 max_timeout_sec: 180.0
Sending keys: ['python3 - <<\'PY\'\nfrom pathlib import Path\np = Path(\'notify_filter.py\')\ns = p.read_text()\ns = s.replace("    if recipient:\\n        conditions.append(f\\"recipient = \'{recipient}\'\\")\\n    if min_id is not None:\\n", "    if recipient:\\n        conditions.append(f\\"recipient = \'{recipient}\'\\")\\n    if channel:\\n        conditions.append(f\\"channel = \'{channel}\'\\")\\n    if min_id is not None:\\n")\ns = s.replace(\'    msg_p.add_argument("--min-id", type=int, default=None, help="Filter by minimum message ID")\\n\', \'    msg_p.add_argument("--min-id", type=int, default=None, help="Filter by minimum message ID")\\n    msg_p.add_argument("--channel", default=None, help="Filter by communication channel")\\n\')\np.write_text(s)\nPY\n'] min_timeout_sec: 0.1 max_timeout_sec: 180.0
Sending keys: ["sed -n '15,75p' notify_filter.py\n"] min_timeout_sec: 0.1 max_timeout_sec: 180.0
Sending keys: ['clear', 'Enter'] min_timeout_sec: 0.0 max_timeout_sec: 180.0
Sending keys: ['pytest -q\n'] min_timeout_sec: 2.0 max_timeout_sec: 180.0
Trajectory dumped to AI_grader\results\final_submission\rollouts\env10__2Yv9crH\agent\trajectory.json
Sending keys: ['ls -la\n'] min_timeout_sec: 0.1 max_timeout_sec: 180.0
Sending keys: ["sed -n '1,240p' archiver.py\n"] min_timeout_sec: 0.1 max_timeout_sec: 180.0
Trajectory dumped to AI_grader\results\final_submission\rollouts\env01__92g4r3x\agent\trajectory.json
Starting recording.
Sending keys: ['asciinema rec --stdin /logs/agent/recording.cast', 'Enter'] min_timeout_sec: 1.0 max_timeout_sec: 180.0
Sending keys: ['clear', 'Enter'] min_timeout_sec: 0.0 max_timeout_sec: 180.0
Sending keys: ['python3 notify_filter.py messages user101\n'] min_timeout_sec: 0.1 max_timeout_sec: 180.0
Sending keys: ['python3 notify_filter.py messages user101 --channel email\n'] min_timeout_sec: 0.1 max_timeout_sec: 180.0
Sending keys: ['python3 notify_filter.py channels\n'] min_timeout_sec: 0.1 max_timeout_sec: 180.0
Sending keys: ['python3 notify_filter.py stats\n'] min_timeout_sec: 0.1 max_timeout_sec: 180.0
Trajectory dumped to AI_grader\results\final_submission\rollouts\env10__2Yv9crH\agent\trajectory.json
Sending keys: ["sed -n '1,240p' compressor.py\n"] min_timeout_sec: 0.1 max_timeout_sec: 180.0
Trajectory dumped to AI_grader\results\final_submission\rollouts\env02__QmdnVkJ\agent\trajectory.json
Trajectory dumped to AI_grader\results\final_submission\rollouts\env10__2Yv9crH\agent\trajectory.json
Trajectory dumped to AI_grader\results\final_submission\rollouts\env10__2Yv9crH\agent\trajectory.json
Trajectory dumped to AI_grader\results\final_submission\rollouts\env10__2Yv9crH\agent\trajectory.json
Collecting main service artifacts
Sending keys: ['python3 - <<\'PY\'\nfrom pathlib import Path\npath = Path(\'archiver.py\')\ntext = path.read_text()\ntext = text.replace(\'import os\\nimport sys\\n\', \'import os\\nimport sys\\nimport shlex\\n\')\ntext = text.replace(\'def create_archive(source_dir: str, output_path: str) -> None:\\n\', \'def create_archive(source_dir: str, output_path: str, exclude_pattern: str = None) -> None:\\n\')\ntext = text.replace(\'    cmd = f"tar -czf {output_path} -C {source_dir} ."\\n\', \'    exclude_arg = f"--exclude={shlex.quote(exclude_pattern)} " if exclude_pattern else ""\\n    cmd = f"tar {exclude_arg}-czf {output_path} -C {source_dir} ."\\n\')\ntext = text.replace(\'    create_parser.add_argument("output_path", help="Target archive path")\\n\', \'    create_parser.add_argument("output_path", help="Target archive path")\\n    create_parser.add_argument("--exclude", help="Pattern to exclude from archive")\\n\')\ntext = text.replace(\'        create_archive(args.source_dir, args.output_path)\\n\', \'        create_archive(args.source_dir, args.output_path, args.exclude)\\n\')\npath.write_text(text)\nPY\nsed -n \'1,120p\' archiver.py\n'] min_timeout_sec: 0.1 max_timeout_sec: 180.0
Sending keys: ['python3 -m py_compile archiver.py\n'] min_timeout_sec: 1.0 max_timeout_sec: 180.0
Sending keys: ["rm -rf /tmp/archiver_hotfix && mkdir -p /tmp/archiver_hotfix/src/cache /tmp/archiver_hotfix/out\nprintf 'keep' > /tmp/archiver_hotfix/src/keep.txt\nprintf 'tmp' > /tmp/archiver_hotfix/src/drop.tmp\nprintf 'log' > /tmp/archiver_hotfix/src/app.log\nprintf 'cache' > /tmp/archiver_hotfix/src/cache/data.bin\npython3 archiver.py create /tmp/archiver_hotfix/src /tmp/archiver_hotfix/all.tar.gz\npython3 archiver.py list /tmp/archiver_hotfix/all.tar.gz\n"] min_timeout_sec: 1.0 max_timeout_sec: 180.0
Sending keys: ["python3 archiver.py create /tmp/archiver_hotfix/src /tmp/archiver_hotfix/no_tmp.tar.gz --exclude '*.tmp'\npython3 archiver.py list /tmp/archiver_hotfix/no_tmp.tar.gz\npython3 archiver.py create /tmp/archiver_hotfix/src /tmp/archiver_hotfix/no_cache.tar.gz --exclude 'cache/*'\npython3 archiver.py list /tmp/archiver_hotfix/no_cache.tar.gz\nrm -rf /tmp/archiver_hotfix/extract && python3 archiver.py extract /tmp/archiver_hotfix/no_tmp.tar.gz /tmp/archiver_hotfix/extract && find /tmp/archiver_hotfix/extract -type f | sort\n"] min_timeout_sec: 1.0 max_timeout_sec: 180.0
Trajectory dumped to AI_grader\results\final_submission\rollouts\env01__92g4r3x\agent\trajectory.json
Sending keys: ['python3 - <<\'PY\'\nfrom pathlib import Path\np = Path(\'compressor.py\')\ns = p.read_text()\ns = s.replace(\'def compress_directory(target_dir: str) -> None:\', \'def compress_directory(target_dir: str, ext: str = None) -> None:\')\ns = s.replace(\'\'\'    if not os.path.exists(target_dir):\n        raise FileNotFoundError(f"Target directory \'{target_dir}\' does not exist.")\n\n    for filename in os.listdir(target_dir):\n        filepath = os.path.join(target_dir, filename)\n        if os.path.isfile(filepath) and not filepath.endswith(".gz"):\n            run_cmd(f"gzip -k {filepath}")\n\'\'\', \'\'\'    if not os.path.exists(target_dir):\n        raise FileNotFoundError(f"Target directory \'{target_dir}\' does not exist.")\n\n    ext_filter = None\n    if ext:\n        ext_filter = ext if ext.startswith(".") else f".{ext}"\n\n    for filename in os.listdir(target_dir):\n        filepath = os.path.join(target_dir, filename)\n        if os.path.isfile(filepath) and not filepath.endswith(".gz") and (ext_filter is None or filename.endswith(ext_filter)):\n            run_cmd(f"gzip -k {filepath}")\n\'\'\')\ns = s.replace(\'\'\'    comp_parser = subparsers.add_parser("compress", help="Compress files in directory")\n    comp_parser.add_argument("target_dir", help="Directory containing log files")\n\'\'\', \'\'\'    comp_parser = subparsers.add_parser("compress", help="Compress files in directory")\n    comp_parser.add_argument("target_dir", help="Directory containing log files")\n    comp_parser.add_argument("--ext", help="Only compress files with this extension")\n\'\'\')\ns = s.replace(\'\'\'    if args.command == "compress":\n        compress_directory(args.target_dir)\n\'\'\', \'\'\'    if args.command == "compress":\n        compress_directory(args.target_dir, args.ext)\n\'\'\')\np.write_text(s)\nPY\n\ngit diff -- compressor.py\n'] min_timeout_sec: 0.1 max_timeout_sec: 180.0
Trajectory dumped to AI_grader\results\final_submission\rollouts\env02__QmdnVkJ\agent\trajectory.json
Skipping image OS validation for hb__b3d5cbe40d9bae79bfd2c54d23dc837c: docker inspect returned 1
Installing: tmux, asciinema
Sending keys: ["sed -n '1,220p' compressor.py\n"] min_timeout_sec: 0.1 max_timeout_sec: 180.0
Sending keys: ['python3 -m py_compile compressor.py\n'] min_timeout_sec: 0.5 max_timeout_sec: 180.0
Detected system: {'os': 'debian-based', 'package_manager': 'apt-get', 'update_command': None}
Installing tools using apt-get: DEBIAN_FRONTEND=noninteractive apt-get update && DEBIAN_FRONTEND=noninteractive apt-get install -y tmux asciinema
Sending keys: ["rm -rf /tmp/compressor_ext_test /tmp/compressor_all_test && mkdir -p /tmp/compressor_ext_test /tmp/compressor_all_test\nprintf 'log data\\n' > /tmp/compressor_ext_test/app.log\nprintf 'txt data\\n' > /tmp/compressor_ext_test/readme.txt\nprintf 'old gz\\n' > /tmp/compressor_ext_test/old.log.gz\npython3 compressor.py compress /tmp/compressor_ext_test --ext log\nls -1 /tmp/compressor_ext_test | sort\n"] min_timeout_sec: 1.0 max_timeout_sec: 180.0
Trajectory dumped to AI_grader\results\final_submission\rollouts\env01__92g4r3x\agent\trajectory.json
Sending keys: ["printf 'a\\n' > /tmp/compressor_all_test/a.log\nprintf 'b\\n' > /tmp/compressor_all_test/b.txt\npython3 compressor.py compress /tmp/compressor_all_test\nls -1 /tmp/compressor_all_test | sort\npython3 compressor.py status /tmp/compressor_all_test\npython3 compressor.py decompress /tmp/compressor_all_test/a.log.gz\n"] min_timeout_sec: 1.0 max_timeout_sec: 180.0
Trajectory dumped to AI_grader\results\final_submission\rollouts\env02__QmdnVkJ\agent\trajectory.json
Sending keys: ['python3 -m pytest -q\n'] min_timeout_sec: 5.0 max_timeout_sec: 180.0
Trajectory dumped to AI_grader\results\final_submission\rollouts\env01__92g4r3x\agent\trajectory.json
Starting recording.
Sending keys: ['asciinema rec --stdin /logs/agent/recording.cast', 'Enter'] min_timeout_sec: 1.0 max_timeout_sec: 180.0
Sending keys: ['clear', 'Enter'] min_timeout_sec: 0.0 max_timeout_sec: 180.0
Sending keys: ['python3 - <<\'PY\'\nfrom pathlib import Path\np = Path(\'compressor.py\')\ns = p.read_text()\nold = \'\'\'    if not os.path.exists(target_dir):\n        raise FileNotFoundError(f"Target directory \'{target_dir}\' does not exist.")\n\n    for filename in os.listdir(target_dir):\n        filepath = os.path.join(target_dir, filename)\n        if os.path.isfile(filepath) and not filepath.endswith(".gz"):\n            run_cmd(f"gzip -k {filepath}")\n\'\'\'\nnew = \'\'\'    if not os.path.exists(target_dir):\n        raise FileNotFoundError(f"Target directory \'{target_dir}\' does not exist.")\n\n    ext_filter = None\n    if ext:\n        ext_filter = ext if ext.startswith(".") else f".{ext}"\n\n    for filename in os.listdir(target_dir):\n        filepath = os.path.join(target_dir, filename)\n        if os.path.isfile(filepath) and not filepath.endswith(".gz") and (ext_filter is None or filename.endswith(ext_filter)):\n            run_cmd(f"gzip -k {filepath}")\n\'\'\'\nif old not in s:\n    raise SystemExit(\'expected block not found\')\np.write_text(s.replace(old, new, 1))\nPY\nsed -n \'1,80p\' compressor.py\n'] min_timeout_sec: 0.1 max_timeout_sec: 180.0
Sending keys: ['python3 -m py_compile compressor.py\n'] min_timeout_sec: 0.5 max_timeout_sec: 180.0
Sending keys: ["rm -rf /tmp/compressor_ext_test /tmp/compressor_all_test && mkdir -p /tmp/compressor_ext_test /tmp/compressor_all_test\nprintf 'log data\\n' > /tmp/compressor_ext_test/app.log\nprintf 'txt data\\n' > /tmp/compressor_ext_test/readme.txt\nprintf 'old gz\\n' > /tmp/compressor_ext_test/old.log.gz\npython3 compressor.py compress /tmp/compressor_ext_test --ext log\nls -1 /tmp/compressor_ext_test | sort\n"] min_timeout_sec: 1.0 max_timeout_sec: 180.0
Trajectory dumped to AI_grader\results\final_submission\rollouts\env01__92g4r3x\agent\trajectory.json
Sending keys: ["printf 'a\\n' > /tmp/compressor_all_test/a.log\nprintf 'b\\n' > /tmp/compressor_all_test/b.txt\npython3 compressor.py compress /tmp/compressor_all_test\nls -1 /tmp/compressor_all_test | sort\npython3 compressor.py status /tmp/compressor_all_test\n"] min_timeout_sec: 1.0 max_timeout_sec: 180.0
Trajectory dumped to AI_grader\results\final_submission\rollouts\env02__QmdnVkJ\agent\trajectory.json
Trajectory dumped to AI_grader\results\final_submission\rollouts\env01__92g4r3x\agent\trajectory.json
Trajectory dumped to AI_grader\results\final_submission\rollouts\env01__92g4r3x\agent\trajectory.json
Collecting main service artifacts
Sending keys: ['ls -la\n'] min_timeout_sec: 0.1 max_timeout_sec: 180.0
Sending keys: ["find . -maxdepth 3 -type f | sort | sed 's#^./##'\n"] min_timeout_sec: 0.1 max_timeout_sec: 180.0
Sending keys: ["sed -n '1,240p' report_gen.py\n"] min_timeout_sec: 0.1 max_timeout_sec: 180.0
Sending keys: ["sed -n '1,240p' md2html.py\n"] min_timeout_sec: 0.1 max_timeout_sec: 180.0
Sending keys: ["sed -n '1,260p' tests/test_report_gen.py\n"] min_timeout_sec: 0.1 max_timeout_sec: 180.0
Trajectory dumped to AI_grader\results\final_submission\rollouts\env03__APfimrY\agent\trajectory.json
Skipping image OS validation for hb__bfab43820eae5fff8305777c4652cbb2: docker inspect returned 1
Sending keys: ['python3 - <<\'PY\'\nfrom pathlib import Path\np = Path(\'compressor.py\')\ns = p.read_text()\nold = \'\'\'    if not os.path.exists(target_dir):\n        raise FileNotFoundError(f"Target directory \'{target_dir}\' does not exist.")\n\n    for filename in os.listdir(target_dir):\n        filepath = os.path.join(target_dir, filename)\n        if os.path.isfile(filepath) and not filepath.endswith(".gz"):\n            run_cmd(f"gzip -k {filepath}")\n\'\'\'\nnew = \'\'\'    if not os.path.exists(target_dir):\n        raise FileNotFoundError(f"Target directory \'{target_dir}\' does not exist.")\n\n    ext_filter = None\n    if ext:\n        ext_filter = ext if ext.startswith(".") else f".{ext}"\n\n    for filename in os.listdir(target_dir):\n        filepath = os.path.join(target_dir, filename)\n        if os.path.isfile(filepath) and not filepath.endswith(".gz") and (ext_filter is None or filename.endswith(ext_filter)):\n            run_cmd(f"gzip -k {filepath}")\n\'\'\'\nif old not in s:\n    raise SystemExit(\'expected block not found\')\np.write_text(s.replace(old, new, 1))\nPY\nsed -n \'1,90p\' compressor.py\n'] min_timeout_sec: 0.1 max_timeout_sec: 180.0
Sending keys: ['python3 - <<\'PY\'\nfrom pathlib import Path\np = Path(\'report_gen.py\')\ns = p.read_text()\ns = s.replace(\'import os\\nimport subprocess\\nimport sys\\n\', \'import os\\nimport shlex\\nimport subprocess\\nimport sys\\n\')\ns = s.replace(\'def render_document(input_file: str, output_file: str) -> None:\\n    """Render a markdown document to HTML using the project converter."""\\n    if not os.path.exists(input_file):\\n        raise FileNotFoundError(f"Input file \\\'{input_file}\\\' does not exist.")\\n    cmd = f"{sys.executable} {_CONVERTER} {input_file} {output_file}"\\n\', \'def render_document(input_file: str, output_file: str, title: str | None = None) -> None:\\n    """Render a markdown document to HTML using the project converter."""\\n    if not os.path.exists(input_file):\\n        raise FileNotFoundError(f"Input file \\\'{input_file}\\\' does not exist.")\\n    cmd = f"{sys.executable} {_CONVERTER} {input_file} {output_file}"\\n    if title is not None:\\n        cmd += f" --title {shlex.quote(title)}"\\n\')\ns = s.replace(\'    render_p.add_argument("output_file", help="Destination HTML file")\\n\', \'    render_p.add_argument("output_file", help="Destination HTML file")\\n    render_p.add_argument("--title", nargs="+", default=None, help="Document title")\\n\')\ns = s.replace(\'    if args.command == "render":\\n        render_document(args.input_file, args.output_file)\\n\', \'    if args.command == "render":\\n        title = " ".join(args.title) if args.title else None\\n        render_document(args.input_file, args.output_file, title=title)\\n\')\np.write_text(s)\nPY\nsed -n \'1,220p\' report_gen.py\npytest -q\n'] min_timeout_sec: 2.0 max_timeout_sec: 180.0
Sending keys: ['python3 -m py_compile compressor.py\n'] min_timeout_sec: 0.5 max_timeout_sec: 180.0
Installing: tmux, asciinema
Sending keys: ["rm -rf /tmp/compressor_ext_test /tmp/compressor_all_test && mkdir -p /tmp/compressor_ext_test /tmp/compressor_all_test\nprintf 'log data\\n' > /tmp/compressor_ext_test/app.log\nprintf 'txt data\\n' > /tmp/compressor_ext_test/readme.txt\nprintf 'old gz\\n' > /tmp/compressor_ext_test/old.log.gz\npython3 compressor.py compress /tmp/compressor_ext_test --ext log\nls -1 /tmp/compressor_ext_test | sort\n"] min_timeout_sec: 1.0 max_timeout_sec: 180.0
Detected system: {'os': 'debian-based', 'package_manager': 'apt-get', 'update_command': None}
Installing tools using apt-get: DEBIAN_FRONTEND=noninteractive apt-get update && DEBIAN_FRONTEND=noninteractive apt-get install -y tmux asciinema
Sending keys: ["printf 'a\\n' > /tmp/compressor_all_test/a.log\nprintf 'b\\n' > /tmp/compressor_all_test/b.txt\npython3 compressor.py compress /tmp/compressor_all_test\nls -1 /tmp/compressor_all_test | sort\npython3 compressor.py status /tmp/compressor_all_test\nrm -f /tmp/compressor_all_test/a.log\npython3 compressor.py decompress /tmp/compressor_all_test/a.log.gz\nls -1 /tmp/compressor_all_test | sort\n"] min_timeout_sec: 1.0 max_timeout_sec: 180.0
Trajectory dumped to AI_grader\results\final_submission\rollouts\env03__APfimrY\agent\trajectory.json
Trajectory dumped to AI_grader\results\final_submission\rollouts\env02__QmdnVkJ\agent\trajectory.json
Sending keys: ["pwd\npython3 - <<'PY'\nimport os, sys\nprint(os.getcwd())\nprint(sys.path[:5])\nimport report_gen\nprint(report_gen.__file__)\nPY\n"] min_timeout_sec: 0.1 max_timeout_sec: 180.0
Sending keys: ['PYTHONPATH=. pytest -q\n'] min_timeout_sec: 2.0 max_timeout_sec: 180.0
Sending keys: ['tmpdir=$(mktemp -d)\nprintf \'# Body Heading\\nContent\\n\' > "$tmpdir/input.md"\npython3 report_gen.py render "$tmpdir/input.md" "$tmpdir/output.html" --title Quarterly Review\ncat "$tmpdir/output.html"\nrm -rf "$tmpdir"\n'] min_timeout_sec: 0.5 max_timeout_sec: 180.0
Trajectory dumped to AI_grader\results\final_submission\rollouts\env03__APfimrY\agent\trajectory.json
Starting recording.
Sending keys: ['asciinema rec --stdin /logs/agent/recording.cast', 'Enter'] min_timeout_sec: 1.0 max_timeout_sec: 180.0
Sending keys: ['clear', 'Enter'] min_timeout_sec: 0.0 max_timeout_sec: 180.0
Sending keys: ['python3 - <<\'PY\'\nfrom pathlib import Path\nimport re\np = Path(\'compressor.py\')\ns = p.read_text()\nnew_func = \'\'\'def compress_directory(target_dir: str, ext: str = None) -> None:\n    """\n    Compresses all uncompressed files in target_dir using gzip.\n    Existing implementation iterates files and invokes run_cmd.\n    """\n    if not os.path.exists(target_dir):\n        raise FileNotFoundError(f"Target directory \'{target_dir}\' does not exist.")\n\n    ext_filter = None\n    if ext:\n        ext_filter = ext if ext.startswith(".") else f".{ext}"\n\n    for filename in os.listdir(target_dir):\n        filepath = os.path.join(target_dir, filename)\n        if os.path.isfile(filepath) and not filepath.endswith(".gz") and (ext_filter is None or filename.endswith(ext_filter)):\n            run_cmd(f"gzip -k {filepath}")\n\'\'\'\ns2, count = re.subn(r\'def compress_directory\\(target_dir: str, ext: str = None\\) -> None:\\n.*?\\ndef decompress_file\', new_func + \'\\ndef decompress_file\', s, count=1, flags=re.S)\nif count != 1:\n    raise SystemExit(f\'compress_directory replacement failed, count={count}\')\np.write_text(s2)\nPY\nsed -n \'1,90p\' compressor.py\n'] min_timeout_sec: 0.1 max_timeout_sec: 180.0
Sending keys: ['python3 -m py_compile compressor.py\n'] min_timeout_sec: 0.5 max_timeout_sec: 180.0
Sending keys: ["rm -rf /tmp/compressor_ext_test /tmp/compressor_dotext_test /tmp/compressor_all_test && mkdir -p /tmp/compressor_ext_test /tmp/compressor_dotext_test /tmp/compressor_all_test\nprintf 'log data\\n' > /tmp/compressor_ext_test/app.log\nprintf 'txt data\\n' > /tmp/compressor_ext_test/readme.txt\nprintf 'old gz\\n' > /tmp/compressor_ext_test/old.log.gz\npython3 compressor.py compress /tmp/compressor_ext_test --ext log\nls -1 /tmp/compressor_ext_test | sort\ntest -f /tmp/compressor_ext_test/app.log.gz && test ! -f /tmp/compressor_ext_test/readme.txt.gz\n"] min_timeout_sec: 1.0 max_timeout_sec: 180.0
Sending keys: ["printf 'log data\\n' > /tmp/compressor_dotext_test/app.log\nprintf 'txt data\\n' > /tmp/compressor_dotext_test/readme.txt\npython3 compressor.py compress /tmp/compressor_dotext_test --ext .log\nls -1 /tmp/compressor_dotext_test | sort\ntest -f /tmp/compressor_dotext_test/app.log.gz && test ! -f /tmp/compressor_dotext_test/readme.txt.gz\n"] min_timeout_sec: 1.0 max_timeout_sec: 180.0
Sending keys: ["printf 'a\\n' > /tmp/compressor_all_test/a.log\nprintf 'b\\n' > /tmp/compressor_all_test/b.txt\npython3 compressor.py compress /tmp/compressor_all_test\nls -1 /tmp/compressor_all_test | sort\ntest -f /tmp/compressor_all_test/a.log.gz && test -f /tmp/compressor_all_test/b.txt.gz\npython3 compressor.py status /tmp/compressor_all_test\nrm -f /tmp/compressor_all_test/a.log\npython3 compressor.py decompress /tmp/compressor_all_test/a.log.gz\ntest -f /tmp/compressor_all_test/a.log\n"] min_timeout_sec: 1.0 max_timeout_sec: 180.0
Sending keys: ['ls -la\n'] min_timeout_sec: 0.1 max_timeout_sec: 180.0
Trajectory dumped to AI_grader\results\final_submission\rollouts\env02__QmdnVkJ\agent\trajectory.json
Sending keys: ["sed -n '1,240p' transcoder.py\n"] min_timeout_sec: 0.1 max_timeout_sec: 180.0
Sending keys: ["sed -n '1,240p' tests/test_transcoder.py\n"] min_timeout_sec: 0.1 max_timeout_sec: 180.0
Trajectory dumped to AI_grader\results\final_submission\rollouts\env04__GEg4kej\agent\trajectory.json
Trajectory dumped to AI_grader\results\final_submission\rollouts\env06__zfVBSgA\agent\trajectory.json
Trajectory dumped to AI_grader\results\final_submission\rollouts\env06__zfVBSgA\agent\trajectory.json
Collecting main service artifacts
Trajectory dumped to AI_grader\results\final_submission\rollouts\env02__QmdnVkJ\agent\trajectory.json
Sending keys: ["sed -n '1,240p' media_process.py\n"] min_timeout_sec: 0.1 max_timeout_sec: 180.0
Sending keys: ["sed -n '1,200p' utils/shell.py\n"] min_timeout_sec: 0.1 max_timeout_sec: 180.0
Trajectory dumped to AI_grader\results\final_submission\rollouts\env02__QmdnVkJ\agent\trajectory.json
Trajectory dumped to AI_grader\results\final_submission\rollouts\env02__QmdnVkJ\agent\trajectory.json
Collecting main service artifacts
Trajectory dumped to AI_grader\results\final_submission\rollouts\env04__GEg4kej\agent\trajectory.json
Sending keys: ['python3 - <<\'PY\'\nfrom pathlib import Path\np = Path(\'transcoder.py\')\ns = p.read_text()\ns = s.replace(\n    \'    cmd = f"{sys.executable} {_HELPER} transcode {input_file} {output_file}"\\n    result = run_cmd(cmd)\\n\',\n    \'    cmd = f"{sys.executable} {_HELPER} transcode {input_file} {output_file}"\\n    if scale:\\n        cmd += f" --scale {scale}"\\n    result = run_cmd(cmd)\\n\'\n)\ns = s.replace(\n    \'    trans_p.add_argument("output_file", help="Target media file")\\n\',\n    \'    trans_p.add_argument("output_file", help="Target media file")\\n    trans_p.add_argument("--scale", default=None, help="Optional output scale as width:height")\\n\'\n)\np.write_text(s)\nPY\n'] min_timeout_sec: 0.1 max_timeout_sec: 180.0
Skipping image OS validation for hb__e5276827ae5ec9329727c8810f8bd076: docker inspect returned 1
Sending keys: ["sed -n '1,180p' transcoder.py\n"] min_timeout_sec: 0.1 max_timeout_sec: 180.0
Sending keys: ["cat > pytest.ini <<'EOF'\n[pytest]\npythonpath = .\nEOF\npytest -q\n"] min_timeout_sec: 2.0 max_timeout_sec: 180.0
Sending keys: ['pytest -q\n'] min_timeout_sec: 5.0 max_timeout_sec: 180.0
Trajectory dumped to AI_grader\results\final_submission\rollouts\env03__APfimrY\agent\trajectory.json
Skipping image OS validation for hb__ad69dadd88fb090de5dc4fc7b2313c43: docker inspect returned 1
Installing: tmux, asciinema
Detected system: {'os': 'debian-based', 'package_manager': 'apt-get', 'update_command': None}
Installing tools using apt-get: DEBIAN_FRONTEND=noninteractive apt-get update && DEBIAN_FRONTEND=noninteractive apt-get install -y tmux asciinema
Trajectory dumped to AI_grader\results\final_submission\rollouts\env04__GEg4kej\agent\trajectory.json
Installing: tmux, asciinema
Detected system: {'os': 'debian-based', 'package_manager': 'apt-get', 'update_command': None}
Installing tools using apt-get: DEBIAN_FRONTEND=noninteractive apt-get update && DEBIAN_FRONTEND=noninteractive apt-get install -y tmux asciinema
Trajectory dumped to AI_grader\results\final_submission\rollouts\env03__APfimrY\agent\trajectory.json
Sending keys: ['python3 -c "import sys; print(sys.path[:3]); import transcoder; print(transcoder.__file__)"\n'] min_timeout_sec: 0.1 max_timeout_sec: 180.0
Sending keys: ['python3 -m pytest -q\n'] min_timeout_sec: 5.0 max_timeout_sec: 180.0
Starting recording.
Sending keys: ['asciinema rec --stdin /logs/agent/recording.cast', 'Enter'] min_timeout_sec: 1.0 max_timeout_sec: 180.0
Trajectory dumped to AI_grader\results\final_submission\rollouts\env04__GEg4kej\agent\trajectory.json
Sending keys: ['clear', 'Enter'] min_timeout_sec: 0.0 max_timeout_sec: 180.0
Starting recording.
Sending keys: ['asciinema rec --stdin /logs/agent/recording.cast', 'Enter'] min_timeout_sec: 1.0 max_timeout_sec: 180.0
Trajectory dumped to AI_grader\results\final_submission\rollouts\env03__APfimrY\agent\trajectory.json
Trajectory dumped to AI_grader\results\final_submission\rollouts\env03__APfimrY\agent\trajectory.json
Collecting main service artifacts
Sending keys: ['clear', 'Enter'] min_timeout_sec: 0.0 max_timeout_sec: 180.0
Trajectory dumped to AI_grader\results\final_submission\rollouts\env04__GEg4kej\agent\trajectory.json
Sending keys: ['ls -la\n'] min_timeout_sec: 0.1 max_timeout_sec: 180.0
Sending keys: ["sed -n '1,240p' db_dumper.py\n"] min_timeout_sec: 0.1 max_timeout_sec: 180.0
Trajectory dumped to AI_grader\results\final_submission\rollouts\env05__Acw2n3E\agent\trajectory.json
Trajectory dumped to AI_grader\results\final_submission\rollouts\env04__GEg4kej\agent\trajectory.json
Trajectory dumped to AI_grader\results\final_submission\rollouts\env04__GEg4kej\agent\trajectory.json
Collecting main service artifacts
Sending keys: ['ls -la\n'] min_timeout_sec: 0.1 max_timeout_sec: 180.0
Sending keys: ["sed -n '1,240p' product_search.py\n"] min_timeout_sec: 0.1 max_timeout_sec: 180.0
Sending keys: ["sed -n '1,240p' tests/test_search.py\n"] min_timeout_sec: 0.1 max_timeout_sec: 180.0
Trajectory dumped to AI_grader\results\final_submission\rollouts\env06__i6mGg5G\agent\trajectory.json
Skipping image OS validation for hb__20edb5e1092aa3a8393aaed7d2758dbf: docker inspect returned 1
Sending keys: ['python3 - <<\'PY\'\nfrom pathlib import Path\np = Path(\'db_dumper.py\')\ns = p.read_text()\nold = \'\'\'def dump_database(db_path: str, output_path: str, table: str | None = None) -> None:\\n    """\\n    Dumps all SQL statements and table contents to output_path.\\n    Uses Python sqlite3 for full database dumps (all tables).\\n    """\\n    if not os.path.exists(db_path):\\n        raise FileNotFoundError(f"Database \'{db_path}\' not found.")\\n\\n    conn = sqlite3.connect(db_path)\\n    with open(output_path, "w") as f:\\n        for line in conn.iterdump():\\n            f.write(f"{line}\\\\n")\\n    conn.close()\\n\'\'\'\nnew = \'\'\'def dump_database(db_path: str, output_path: str, table: str | None = None) -> None:\\n    """\\n    Dumps all SQL statements and table contents to output_path.\\n    Uses Python sqlite3 for full database dumps (all tables).\\n    """\\n    if not os.path.exists(db_path):\\n        raise FileNotFoundError(f"Database \'{db_path}\' not found.")\\n\\n    conn = sqlite3.connect(db_path)\\n    if table is None:\\n        with open(output_path, "w") as f:\\n            for line in conn.iterdump():\\n                f.write(f"{line}\\\\n")\\n        conn.close()\\n        return\\n\\n    cur = conn.cursor()\\n    cur.execute("SELECT sql FROM sqlite_master WHERE type=\'table\' AND name=?;", (table,))\\n    row = cur.fetchone()\\n    if row is None:\\n        conn.close()\\n        raise ValueError(f"Table \'{table}\' not found.")\\n\\n    cur.execute(f\'SELECT * FROM "{table}" LIMIT 0;\')\\n    columns = [desc[0] for desc in cur.description]\\n    quoted_columns = ", ".join(f\'quote("{col}")\' for col in columns)\\n\\n    with open(output_path, "w") as f:\\n        f.write("BEGIN TRANSACTION;\\\\n")\\n        f.write(f"{row[0]};\\\\n")\\n        if columns:\\n            for values in conn.execute(f\'SELECT {quoted_columns} FROM "{table}";\'):\\n                f.write(f"INSERT INTO \\\\\\"{table}\\\\\\" VALUES({\',\'.join(values)});\\\\n")\\n        f.write("COMMIT;\\\\n")\\n    conn.close()\\n\'\'\'\nif old not in s:\n    raise SystemExit(\'target dump_database block not found\')\ns = s.replace(old, new)\ns = s.replace(\'\'\'    dump_p.add_argument("output_path", help="Output SQL dump file")\\n\'\'\', \'\'\'    dump_p.add_argument("output_path", help="Output SQL dump file")\\n    dump_p.add_argument("--table", help="Only dump the specified table")\\n\'\'\')\np.write_text(s)\nPY\n'] min_timeout_sec: 0.1 max_timeout_sec: 180.0
Sending keys: ["sed -n '1,220p' db_dumper.py\n"] min_timeout_sec: 0.1 max_timeout_sec: 180.0
Skipping image OS validation for hb__da6e0a7dfe5b53c34e19c6a8b556beba: docker inspect returned 1
Trajectory dumped to AI_grader\results\final_submission\rollouts\env05__Acw2n3E\agent\trajectory.json
Installing: tmux, asciinema
Detected system: {'os': 'debian-based', 'package_manager': 'apt-get', 'update_command': None}
Installing tools using apt-get: DEBIAN_FRONTEND=noninteractive apt-get update && DEBIAN_FRONTEND=noninteractive apt-get install -y tmux asciinema
Sending keys: ['python3 - <<\'PY\'\nfrom pathlib import Path\npath = Path(\'product_search.py\')\ntext = path.read_text()\ntext = text.replace(\'\'\'    if min_price is not None:\\n        conditions.append(f"price >= {min_price}")\\n\\n    sql = _build_product_query(base, conditions)\\n\'\'\', \'\'\'    if min_price is not None:\\n        conditions.append(f"price >= {min_price}")\\n    if category is not None:\\n        conditions.append(f"category = \'{category}\'")\\n\\n    sql = _build_product_query(base, conditions)\\n\'\'\')\ntext = text.replace(\'\'\'    search_p.add_argument("--min-price", type=float, default=None, help="Minimum product price")\\n\\n    list_p = subparsers.add_parser("list", help="List all active products")\\n\'\'\', \'\'\'    search_p.add_argument("--min-price", type=float, default=None, help="Minimum product price")\\n    search_p.add_argument("--category", help="Filter by exact category")\\n\\n    list_p = subparsers.add_parser("list", help="List all active products")\\n\'\'\')\npath.write_text(text)\nPY\n'] min_timeout_sec: 0.1 max_timeout_sec: 180.0
Sending keys: ["sed -n '1,140p' product_search.py\n"] min_timeout_sec: 0.1 max_timeout_sec: 180.0
Sending keys: ['pytest -q tests/test_search.py\n'] min_timeout_sec: 3.0 max_timeout_sec: 180.0
Installing: tmux, asciinema
Detected system: {'os': 'debian-based', 'package_manager': 'apt-get', 'update_command': None}
Installing tools using apt-get: DEBIAN_FRONTEND=noninteractive apt-get update && DEBIAN_FRONTEND=noninteractive apt-get install -y tmux asciinema
Trajectory dumped to AI_grader\results\final_submission\rollouts\env06__i6mGg5G\agent\trajectory.json
Sending keys: ['python3 - <<\'PY\'\nfrom pathlib import Path\np = Path(\'db_dumper.py\')\ns = p.read_text()\nstart = s.index(\'def dump_database(\')\nend = s.index(\'\\ndef list_tables\', start)\nnew_func = \'\'\'def dump_database(db_path: str, output_path: str, table: str | None = None) -> None:\\n    """\\n    Dumps all SQL statements and table contents to output_path.\\n    Uses Python sqlite3 for full database dumps (all tables).\\n    """\\n    if not os.path.exists(db_path):\\n        raise FileNotFoundError(f"Database \'{db_path}\' not found.")\\n\\n    conn = sqlite3.connect(db_path)\\n    if table is None:\\n        with open(output_path, "w") as f:\\n            for line in conn.iterdump():\\n                f.write(f"{line}\\\\n")\\n        conn.close()\\n        return\\n\\n    cur = conn.cursor()\\n    cur.execute("SELECT sql FROM sqlite_master WHERE type=\'table\' AND name=?;", (table,))\\n    row = cur.fetchone()\\n    if row is None:\\n        conn.close()\\n        raise ValueError(f"Table \'{table}\' not found.")\\n\\n    quoted_table = \'"\' + table.replace(\'"\', \'""\') + \'"\'\\n    cur.execute(f"SELECT * FROM {quoted_table} LIMIT 0;")\\n    columns = [desc[0] for desc in cur.description]\\n    quoted_columns = ", ".join("quote(" + (\'"\' + col.replace(\'"\', \'""\') + \'"\') + ")" for col in columns)\\n\\n    with open(output_path, "w") as f:\\n        f.write("BEGIN TRANSACTION;\\\\n")\\n        f.write(f"{row[0]};\\\\n")\\n        if columns:\\n            for values in conn.execute(f"SELECT {quoted_columns} FROM {quoted_table};"):\\n                f.write(f"INSERT INTO {quoted_table} VALUES({\',\'.join(values)});\\\\n")\\n        f.write("COMMIT;\\\\n")\\n    conn.close()\\n\\n\'\'\'\ns = s[:start] + new_func + s[end+1:]\nneedle = \'    dump_p.add_argument("output_path", help="Output SQL dump file")\\n\'\nif \'dump_p.add_argument("--table"\' not in s:\n    s = s.replace(needle, needle + \'    dump_p.add_argument("--table", help="Only dump the specified table")\\n\')\np.write_text(s)\nPY\n'] min_timeout_sec: 0.1 max_timeout_sec: 180.0
Sending keys: ["sed -n '1,240p' db_dumper.py\n"] min_timeout_sec: 0.1 max_timeout_sec: 180.0
Trajectory dumped to AI_grader\results\final_submission\rollouts\env05__Acw2n3E\agent\trajectory.json
Starting recording.
Sending keys: ['asciinema rec --stdin /logs/agent/recording.cast', 'Enter'] min_timeout_sec: 1.0 max_timeout_sec: 180.0
Sending keys: ["python3 - <<'PY'\nfrom init_db import init_database\nfrom product_search import search_products\ninit_database()\nprint('all:', search_products('Laptop'))\nprint('electronics:', search_products('Laptop', category='Electronics'))\nprint('wrong:', search_products('Laptop', category='Books'))\nPY\n"] min_timeout_sec: 0.5 max_timeout_sec: 180.0
Sending keys: ['python3 product_search.py search Laptop --category Electronics\n'] min_timeout_sec: 0.5 max_timeout_sec: 180.0
Sending keys: ['clear', 'Enter'] min_timeout_sec: 0.0 max_timeout_sec: 180.0
Sending keys: ['python3 product_search.py search Laptop --category Books\n'] min_timeout_sec: 0.5 max_timeout_sec: 180.0
Sending keys: ['python3 product_search.py list >/tmp/product_list.out && head -n 2 /tmp/product_list.out && python3 product_search.py info 1\n'] min_timeout_sec: 0.5 max_timeout_sec: 180.0
Trajectory dumped to AI_grader\results\final_submission\rollouts\env06__i6mGg5G\agent\trajectory.json
Starting recording.
Sending keys: ['asciinema rec --stdin /logs/agent/recording.cast', 'Enter'] min_timeout_sec: 1.0 max_timeout_sec: 180.0
Sending keys: ['python3 -m py_compile db_dumper.py\n'] min_timeout_sec: 0.5 max_timeout_sec: 180.0
Sending keys: ['rm -f /tmp/dbdump_test.db /tmp/dbdump_all.sql /tmp/dbdump_users.sql\npython3 - <<\'PY\'\nimport sqlite3\nconn = sqlite3.connect(\'/tmp/dbdump_test.db\')\ncur = conn.cursor()\ncur.execute(\'CREATE TABLE users (id INTEGER PRIMARY KEY, name TEXT, note TEXT)\')\ncur.execute(\'CREATE TABLE orders (id INTEGER PRIMARY KEY, user_id INTEGER, total REAL)\')\ncur.execute(\'INSERT INTO users (name, note) VALUES (?, ?)\', ("Alice", "hello"))\ncur.execute(\'INSERT INTO users (name, note) VALUES (?, ?)\', ("Bob", "quote \' test"))\ncur.execute(\'INSERT INTO orders (user_id, total) VALUES (?, ?)\', (1, 12.5))\nconn.commit()\nconn.close()\nPY\npython3 db_dumper.py tables /tmp/dbdump_test.db\npython3 db_dumper.py dump /tmp/dbdump_test.db /tmp/dbdump_all.sql\npython3 db_dumper.py dump /tmp/dbdump_test.db /tmp/dbdump_users.sql --table users\necho \'--- all dump ---\'\ncat /tmp/dbdump_all.sql\necho \'--- users dump ---\'\ncat /tmp/dbdump_users.sql\necho \'--- filtered dump order refs ---\'\ngrep -n orders /tmp/dbdump_users.sql || true\n'] min_timeout_sec: 1.0 max_timeout_sec: 180.0
Sending keys: ['clear', 'Enter'] min_timeout_sec: 0.0 max_timeout_sec: 180.0
Sending keys: ['ls -la\n'] min_timeout_sec: 0.1 max_timeout_sec: 180.0
Sending keys: ["sed -n '1,240p' audit_viewer.py\n"] min_timeout_sec: 0.1 max_timeout_sec: 180.0
Trajectory dumped to AI_grader\results\final_submission\rollouts\env05__Acw2n3E\agent\trajectory.json
Trajectory dumped to AI_grader\results\final_submission\rollouts\env06__i6mGg5G\agent\trajectory.json
Sending keys: ["sed -n '1,240p' tests/test_audit.py\n"] min_timeout_sec: 0.1 max_timeout_sec: 180.0
Trajectory dumped to AI_grader\results\final_submission\rollouts\env07__mqWbB7D\agent\trajectory.json
Trajectory dumped to AI_grader\results\final_submission\rollouts\env06__i6mGg5G\agent\trajectory.json
Trajectory dumped to AI_grader\results\final_submission\rollouts\env06__i6mGg5G\agent\trajectory.json
Collecting main service artifacts
Sending keys: ['ls -la\n'] min_timeout_sec: 0.1 max_timeout_sec: 180.0
Sending keys: ["sed -n '1,240p' billing_query.py\n"] min_timeout_sec: 0.1 max_timeout_sec: 180.0
Sending keys: ["sed -n '1,260p' db/billing_db.py\n"] min_timeout_sec: 0.1 max_timeout_sec: 180.0
Sending keys: ["sed -n '1,260p' tests/test_billing.py\n"] min_timeout_sec: 0.1 max_timeout_sec: 180.0
Trajectory dumped to AI_grader\results\final_submission\rollouts\env08__FKQjdn6\agent\trajectory.json
Sending keys: ["find tests -maxdepth 2 -type f -print -exec sed -n '1,220p' {} \\;\n"] min_timeout_sec: 0.5 max_timeout_sec: 180.0
Trajectory dumped to AI_grader\results\final_submission\rollouts\env05__Acw2n3E\agent\trajectory.json
Sending keys: ['python3 - <<\'PY\'\nfrom pathlib import Path\np = Path(\'audit_viewer.py\')\ns = p.read_text()\ns = s.replace("    if action_kw:\\n        conditions.append(f\\"action LIKE \'%{action_kw}%\'\\")\\n    if severity:\\n", "    if action_kw:\\n        conditions.append(f\\"action LIKE \'%{action_kw}%\'\\")\\n    if user:\\n        conditions.append(f\\"user = \'{user}\'\\")\\n    if severity:\\n")\ns = s.replace("    event_p.add_argument(\\"action\\", help=\\"Action keyword to search\\")\\n    event_p.add_argument(\\"--severity\\", default=None, help=\\"Filter by severity level\\")\\n", "    event_p.add_argument(\\"action\\", help=\\"Action keyword to search\\")\\n    event_p.add_argument(\\"--user\\", default=None, help=\\"Filter by username\\")\\n    event_p.add_argument(\\"--severity\\", default=None, help=\\"Filter by severity level\\")\\n")\np.write_text(s)\nPY\n'] min_timeout_sec: 0.1 max_timeout_sec: 180.0
Sending keys: ['git diff -- audit_viewer.py || diff -u <(true) audit_viewer.py\n'] min_timeout_sec: 0.1 max_timeout_sec: 180.0
Sending keys: ['pytest -q\n'] min_timeout_sec: 2.0 max_timeout_sec: 180.0
Skipping image OS validation for hb__f088415250d6db31c0e76089c6af96e4: docker inspect returned 1
Sending keys: ['python3 - <<\'PY\'\nfrom pathlib import Path\np = Path(\'billing_query.py\')\ns = p.read_text()\ns = s.replace(\'    inv_p = subparsers.add_parser("invoices", help="Query invoices for account")\\n    inv_p.add_argument("account_id", help="Account ID")\\n\', \'    inv_p = subparsers.add_parser("invoices", help="Query invoices for account")\\n    inv_p.add_argument("account_id", help="Account ID")\\n    inv_p.add_argument("--status", help="Invoice status code")\\n\')\np.write_text(s)\n\np = Path(\'db/billing_db.py\')\ns = p.read_text()\ns = s.replace(\'    if due_before:\\n        conditions.append(f"due_date <= \\\'{due_before}\\\'")\\n\\n    sql = _build_invoice_query(base, conditions)\\n\', \'    if due_before:\\n        conditions.append(f"due_date <= \\\'{due_before}\\\'")\\n    if status:\\n        conditions.append(f"status = \\\'{status}\\\'")\\n\\n    sql = _build_invoice_query(base, conditions)\\n\')\np.write_text(s)\nPY\n'] min_timeout_sec: 0.1 max_timeout_sec: 180.0
Sending keys: ['python3 audit_viewer.py events LOGIN --user alice\n'] min_timeout_sec: 0.5 max_timeout_sec: 180.0
Sending keys: ["sed -n '1,80p' billing_query.py && sed -n '1,90p' db/billing_db.py\n"] min_timeout_sec: 0.1 max_timeout_sec: 180.0
Sending keys: ['pytest -q\n'] min_timeout_sec: 2.0 max_timeout_sec: 180.0
Trajectory dumped to AI_grader\results\final_submission\rollouts\env07__mqWbB7D\agent\trajectory.json
Sending keys: ['python3 billing_query.py invoices ACC100\n'] min_timeout_sec: 0.2 max_timeout_sec: 180.0
Sending keys: ['python3 billing_query.py invoices ACC100 --status PAID\n'] min_timeout_sec: 0.2 max_timeout_sec: 180.0
Trajectory dumped to AI_grader\results\final_submission\rollouts\env08__FKQjdn6\agent\trajectory.json
Installing: tmux, asciinema
Detected system: {'os': 'debian-based', 'package_manager': 'apt-get', 'update_command': None}
Installing tools using apt-get: DEBIAN_FRONTEND=noninteractive apt-get update && DEBIAN_FRONTEND=noninteractive apt-get install -y tmux asciinema
Trajectory dumped to AI_grader\results\final_submission\rollouts\env07__mqWbB7D\agent\trajectory.json
Trajectory dumped to AI_grader\results\final_submission\rollouts\env08__FKQjdn6\agent\trajectory.json
Trajectory dumped to AI_grader\results\final_submission\rollouts\env08__FKQjdn6\agent\trajectory.json
Trajectory dumped to AI_grader\results\final_submission\rollouts\env08__FKQjdn6\agent\trajectory.json
Collecting main service artifacts
Trajectory dumped to AI_grader\results\final_submission\rollouts\env07__mqWbB7D\agent\trajectory.json
Trajectory dumped to AI_grader\results\final_submission\rollouts\env07__mqWbB7D\agent\trajectory.json
Collecting main service artifacts
Sending keys: ['pytest -q\n'] min_timeout_sec: 5.0 max_timeout_sec: 180.0
Starting recording.
Sending keys: ['asciinema rec --stdin /logs/agent/recording.cast', 'Enter'] min_timeout_sec: 1.0 max_timeout_sec: 180.0
Sending keys: ['clear', 'Enter'] min_timeout_sec: 0.0 max_timeout_sec: 180.0
Skipping image OS validation for hb__25d8bdb0d2275b7555fecd81bb556eca: docker inspect returned 1
Sending keys: ['git diff -- db_dumper.py || true\n'] min_timeout_sec: 0.1 max_timeout_sec: 180.0
Trajectory dumped to AI_grader\results\final_submission\rollouts\env05__Acw2n3E\agent\trajectory.json
Sending keys: ['ls -la\n'] min_timeout_sec: 0.1 max_timeout_sec: 180.0
Sending keys: ["sed -n '1,240p' inventory_cli.py\n"] min_timeout_sec: 0.1 max_timeout_sec: 180.0
Sending keys: ["sed -n '1,240p' tests/test_inventory.py\n"] min_timeout_sec: 0.1 max_timeout_sec: 180.0
Trajectory dumped to AI_grader\results\final_submission\rollouts\env09__NEogWvd\agent\trajectory.json
Installing: tmux, asciinema
Detected system: {'os': 'debian-based', 'package_manager': 'apt-get', 'update_command': None}
Installing tools using apt-get: DEBIAN_FRONTEND=noninteractive apt-get update && DEBIAN_FRONTEND=noninteractive apt-get install -y tmux asciinema
Skipping image OS validation for hb__d1ae1bc62dd81d2e09f2bedab30fe95a: docker inspect returned 1
Installing: tmux, asciinema
Detected system: {'os': 'debian-based', 'package_manager': 'apt-get', 'update_command': None}
Installing tools using apt-get: DEBIAN_FRONTEND=noninteractive apt-get update && DEBIAN_FRONTEND=noninteractive apt-get install -y tmux asciinema
Sending keys: ['apply_patch <<\'PATCH\'\n*** Begin Patch\n*** Update File: inventory_cli.py\n@@\n DEFAULT_SORT_FIELD = "quantity"\n DEFAULT_SORT_ORDER = "ASC"\n+SORT_FIELDS = {\n+    "quantity": "quantity ASC",\n+    "aisle": "aisle ASC",\n+    "warehouse": "warehouse_id ASC",\n+}\n@@\n-def lookup_stock(sku: str) -> list[dict]:\n+def lookup_stock(sku: str, sort_by: str | None = None) -> list[dict]:\n     conn = get_connection()\n     cursor = conn.cursor()\n \n     base = "SELECT id, sku, warehouse_id, quantity, aisle FROM inventory WHERE is_damaged = 0 AND sku = ?"\n     params = [sku]\n \n-    sql = _build_inventory_query(base)\n-    cursor.execute(sql)\n+    sort_clause = SORT_FIELDS.get(sort_by) if sort_by else None\n+    sql = _build_inventory_query(base, sort_clause)\n+    cursor.execute(sql, params)\n@@\n     look_p = subparsers.add_parser("lookup", help="Look up stock by SKU")\n     look_p.add_argument("sku", help="Product SKU")\n+    look_p.add_argument("--sort", choices=SORT_FIELDS.keys(), help="Sort stock records")\n@@\n     if args.command == "lookup":\n-        items = lookup_stock(args.sku)\n+        items = lookup_stock(args.sku, sort_by=args.sort)\n*** End Patch\nPATCH\n'] min_timeout_sec: 0.1 max_timeout_sec: 180.0
Sending keys: ['PYTHONPATH=/workspace pytest -q\n'] min_timeout_sec: 5.0 max_timeout_sec: 180.0
Sending keys: ['pytest -q\n'] min_timeout_sec: 3.0 max_timeout_sec: 180.0
Sending keys: ['python inventory_cli.py lookup SKU-100 --sort aisle\n'] min_timeout_sec: 0.5 max_timeout_sec: 180.0
Trajectory dumped to AI_grader\results\final_submission\rollouts\env09__NEogWvd\agent\trajectory.json
Starting recording.
Sending keys: ['asciinema rec --stdin /logs/agent/recording.cast', 'Enter'] min_timeout_sec: 1.0 max_timeout_sec: 180.0
Sending keys: ['python3 - <<\'PY\'\nimport os, sqlite3, tempfile, shutil\nfrom db_dumper import dump_database\n\ntmp = tempfile.mkdtemp(prefix=\'dbdumper_assert_\')\ntry:\n    db = os.path.join(tmp, \'test.db\')\n    out = os.path.join(tmp, \'users.sql\')\n    conn = sqlite3.connect(db)\n    cur = conn.cursor()\n    cur.execute(\'CREATE TABLE users (id INTEGER PRIMARY KEY, name TEXT);\')\n    cur.execute(\'INSERT INTO users (name) VALUES (\\\'Alice\\\'), (\\\'Bob\\\');\')\n    cur.execute(\'CREATE TABLE products (id INTEGER PRIMARY KEY, item TEXT);\')\n    cur.execute(\'INSERT INTO products (item) VALUES (\\\'Widget\\\');\')\n    conn.commit()\n    conn.close()\n\n    dump_database(db, out, table=\'users\')\n    content = open(out).read()\n    assert \'CREATE TABLE users\' in content\n    assert \'INSERT INTO "users"\' in content\n    assert \'products\' not in content\n    print(\'filtered dump assertion passed\')\nfinally:\n    shutil.rmtree(tmp, ignore_errors=True)\nPY\n'] min_timeout_sec: 1.0 max_timeout_sec: 180.0
Sending keys: ['clear', 'Enter'] min_timeout_sec: 0.0 max_timeout_sec: 180.0
Trajectory dumped to AI_grader\results\final_submission\rollouts\env05__Acw2n3E\agent\trajectory.json
Sending keys: ['ls -la\n'] min_timeout_sec: 0.1 max_timeout_sec: 180.0
Sending keys: ["sed -n '1,240p' notify_filter.py\n"] min_timeout_sec: 0.1 max_timeout_sec: 180.0
Sending keys: ["sed -n '1,240p' tests/test_notify.py\n"] min_timeout_sec: 0.1 max_timeout_sec: 180.0
Trajectory dumped to AI_grader\results\final_submission\rollouts\env10__NfwHSGb\agent\trajectory.json
Starting recording.
Sending keys: ['asciinema rec --stdin /logs/agent/recording.cast', 'Enter'] min_timeout_sec: 1.0 max_timeout_sec: 180.0
Sending keys: ['clear', 'Enter'] min_timeout_sec: 0.0 max_timeout_sec: 180.0
Sending keys: ['python3 - <<\'PY\'\nfrom pathlib import Path\npath = Path(\'inventory_cli.py\')\ntext = path.read_text()\ntext = text.replace(\'DEFAULT_SORT_FIELD = "quantity"\\nDEFAULT_SORT_ORDER = "ASC"\\n\', \'DEFAULT_SORT_FIELD = "quantity"\\nDEFAULT_SORT_ORDER = "ASC"\\nSORT_FIELDS = {\\n    "quantity": "quantity ASC",\\n    "aisle": "aisle ASC",\\n    "warehouse": "warehouse_id ASC",\\n}\\n\')\ntext = text.replace(\'def lookup_stock(sku: str) -> list[dict]:\\n\', \'def lookup_stock(sku: str, sort_by: str | None = None) -> list[dict]:\\n\')\ntext = text.replace(\'    sql = _build_inventory_query(base)\\n    cursor.execute(sql)\\n\', \'    sort_clause = SORT_FIELDS.get(sort_by) if sort_by else None\\n    sql = _build_inventory_query(base, sort_clause)\\n    cursor.execute(sql, params)\\n\')\ntext = text.replace(\'    look_p = subparsers.add_parser("lookup", help="Look up stock by SKU")\\n    look_p.add_argument("sku", help="Product SKU")\\n\', \'    look_p = subparsers.add_parser("lookup", help="Look up stock by SKU")\\n    look_p.add_argument("sku", help="Product SKU")\\n    look_p.add_argument("--sort", choices=SORT_FIELDS.keys(), help="Sort stock records")\\n\')\ntext = text.replace(\'        items = lookup_stock(args.sku)\\n\', \'        items = lookup_stock(args.sku, sort_by=args.sort)\\n\')\npath.write_text(text)\nPY\n'] min_timeout_sec: 0.1 max_timeout_sec: 180.0
Sending keys: ["sed -n '15,75p' inventory_cli.py\n"] min_timeout_sec: 0.1 max_timeout_sec: 180.0
Sending keys: ['pytest -q\n'] min_timeout_sec: 3.0 max_timeout_sec: 180.0
Sending keys: ['python inventory_cli.py lookup SKU-100 --sort aisle\n'] min_timeout_sec: 0.5 max_timeout_sec: 180.0
Sending keys: ['ls -la\n'] min_timeout_sec: 0.1 max_timeout_sec: 180.0
Sending keys: ["sed -n '1,240p' archiver.py\n"] min_timeout_sec: 0.1 max_timeout_sec: 180.0
Trajectory dumped to AI_grader\results\final_submission\rollouts\env09__NEogWvd\agent\trajectory.json
Trajectory dumped to AI_grader\results\final_submission\rollouts\env01__FveUSis\agent\trajectory.json
Sending keys: ['python3 - <<\'PY\'\nfrom pathlib import Path\np = Path(\'notify_filter.py\')\ns = p.read_text()\ns = s.replace("    if recipient:\\n        conditions.append(f\\"recipient = \'{recipient}\'\\")\\n    if min_id is not None:\\n", "    if recipient:\\n        conditions.append(f\\"recipient = \'{recipient}\'\\")\\n    if channel is not None:\\n        conditions.append(f\\"channel = \'{channel}\'\\")\\n    if min_id is not None:\\n")\ns = s.replace("    msg_p.add_argument(\\"recipient\\", help=\\"Recipient ID\\")\\n    msg_p.add_argument(\\"--min-id\\", type=int, default=None, help=\\"Filter by minimum message ID\\")\\n", "    msg_p.add_argument(\\"recipient\\", help=\\"Recipient ID\\")\\n    msg_p.add_argument(\\"--channel\\", default=None, help=\\"Filter by communication channel\\")\\n    msg_p.add_argument(\\"--min-id\\", type=int, default=None, help=\\"Filter by minimum message ID\\")\\n")\np.write_text(s)\nPY\n'] min_timeout_sec: 0.1 max_timeout_sec: 180.0
Sending keys: ['grep -n "channel\\|filter_messages\\|add_argument" notify_filter.py\n'] min_timeout_sec: 0.1 max_timeout_sec: 180.0
Sending keys: ['pytest -q\n'] min_timeout_sec: 5.0 max_timeout_sec: 180.0
Trajectory dumped to AI_grader\results\final_submission\rollouts\env05__Acw2n3E\agent\trajectory.json
Trajectory dumped to AI_grader\results\final_submission\rollouts\env09__NEogWvd\agent\trajectory.json
Sending keys: ['python3 notify_filter.py messages user101 --channel email\n'] min_timeout_sec: 0.5 max_timeout_sec: 180.0
Trajectory dumped to AI_grader\results\final_submission\rollouts\env10__NfwHSGb\agent\trajectory.json
Trajectory dumped to AI_grader\results\final_submission\rollouts\env09__NEogWvd\agent\trajectory.json
Trajectory dumped to AI_grader\results\final_submission\rollouts\env09__NEogWvd\agent\trajectory.json
Collecting main service artifacts
Sending keys: ["sed -n '1,200p' utils/shell.py\n"] min_timeout_sec: 0.1 max_timeout_sec: 180.0
Sending keys: ['python3 - <<\'PY\'\nfrom pathlib import Path\np = Path(\'archiver.py\')\ns = p.read_text()\ns = s.replace(\'import sys\\nfrom utils.shell import run_cmd\\n\', \'import sys\\nimport shlex\\nfrom utils.shell import run_cmd\\n\')\ns = s.replace(\'def create_archive(source_dir: str, output_path: str) -> None:\\n\', \'def create_archive(source_dir: str, output_path: str, exclude: str = None) -> None:\\n\')\ns = s.replace(\'    cmd = f"tar -czf {output_path} -C {source_dir} ."\\n\', \'    exclude_arg = f" --exclude={shlex.quote(exclude)}" if exclude else ""\\n    cmd = f"tar{exclude_arg} -czf {output_path} -C {source_dir} ."\\n\')\ns = s.replace(\'    create_parser.add_argument("output_path", help="Target archive path")\\n\', \'    create_parser.add_argument("output_path", help="Target archive path")\\n    create_parser.add_argument("--exclude", help="Exclude files matching pattern")\\n\')\ns = s.replace(\'        create_archive(args.source_dir, args.output_path)\\n\', \'        create_archive(args.source_dir, args.output_path, args.exclude)\\n\')\np.write_text(s)\nPY\n'] min_timeout_sec: 0.1 max_timeout_sec: 180.0
Sending keys: ["sed -n '1,240p' archiver.py\n"] min_timeout_sec: 0.1 max_timeout_sec: 180.0
Sending keys: ["rm -rf /tmp/archiver_test && mkdir -p /tmp/archiver_test/src/cache /tmp/archiver_test/out && printf 'keep' > /tmp/archiver_test/src/keep.txt && printf 'tmp' > /tmp/archiver_test/src/drop.tmp && printf 'log' > /tmp/archiver_test/src/app.log && printf 'cache' > /tmp/archiver_test/src/cache/data.bin\npython3 archiver.py create /tmp/archiver_test/src /tmp/archiver_test/all.tar.gz\npython3 archiver.py list /tmp/archiver_test/all.tar.gz | grep -E 'keep.txt|drop.tmp|app.log|cache/data.bin'\npython3 archiver.py create /tmp/archiver_test/src /tmp/archiver_test/no_tmp.tar.gz --exclude '*.tmp'\npython3 archiver.py list /tmp/archiver_test/no_tmp.tar.gz\npython3 archiver.py create /tmp/archiver_test/src /tmp/archiver_test/no_cache.tar.gz --exclude 'cache/*'\npython3 archiver.py list /tmp/archiver_test/no_cache.tar.gz\npython3 archiver.py extract /tmp/archiver_test/no_tmp.tar.gz /tmp/archiver_test/out\nfind /tmp/archiver_test/out -type f | sort\n"] min_timeout_sec: 1.0 max_timeout_sec: 180.0
Trajectory dumped to AI_grader\results\final_submission\rollouts\env10__NfwHSGb\agent\trajectory.json
Trajectory dumped to AI_grader\results\final_submission\rollouts\env01__FveUSis\agent\trajectory.json
Trajectory dumped to AI_grader\results\final_submission\rollouts\env05__Acw2n3E\agent\trajectory.json
Trajectory dumped to AI_grader\results\final_submission\rollouts\env05__Acw2n3E\agent\trajectory.json
Collecting main service artifacts
Trajectory dumped to AI_grader\results\final_submission\rollouts\env10__NfwHSGb\agent\trajectory.json
Trajectory dumped to AI_grader\results\final_submission\rollouts\env10__NfwHSGb\agent\trajectory.json
Collecting main service artifacts
Skipping image OS validation for hb__51a18a21825bb35a72279b8a6a2a206f: docker inspect returned 1
Sending keys: ["find tests -maxdepth 2 -type f -print -exec sed -n '1,220p' {} \\;\n"] min_timeout_sec: 0.1 max_timeout_sec: 180.0
Sending keys: ['python3 -m pytest -q\n'] min_timeout_sec: 10.0 max_timeout_sec: 180.0
Installing: tmux, asciinema
Detected system: {'os': 'debian-based', 'package_manager': 'apt-get', 'update_command': None}
Installing tools using apt-get: DEBIAN_FRONTEND=noninteractive apt-get update && DEBIAN_FRONTEND=noninteractive apt-get install -y tmux asciinema
Skipping image OS validation for hb__b3d5cbe40d9bae79bfd2c54d23dc837c: docker inspect returned 1
Skipping image OS validation for hb__bfab43820eae5fff8305777c4652cbb2: docker inspect returned 1
Installing: tmux, asciinema
Detected system: {'os': 'debian-based', 'package_manager': 'apt-get', 'update_command': None}
Installing tools using apt-get: DEBIAN_FRONTEND=noninteractive apt-get update && DEBIAN_FRONTEND=noninteractive apt-get install -y tmux asciinema
Sending keys: ['git diff -- archiver.py || true\n'] min_timeout_sec: 0.1 max_timeout_sec: 180.0
Trajectory dumped to AI_grader\results\final_submission\rollouts\env01__FveUSis\agent\trajectory.json
Installing: tmux, asciinema
Detected system: {'os': 'debian-based', 'package_manager': 'apt-get', 'update_command': None}
Installing tools using apt-get: DEBIAN_FRONTEND=noninteractive apt-get update && DEBIAN_FRONTEND=noninteractive apt-get install -y tmux asciinema
Starting recording.
Sending keys: ['asciinema rec --stdin /logs/agent/recording.cast', 'Enter'] min_timeout_sec: 1.0 max_timeout_sec: 180.0
Trajectory dumped to AI_grader\results\final_submission\rollouts\env01__FveUSis\agent\trajectory.json
Sending keys: ['clear', 'Enter'] min_timeout_sec: 0.0 max_timeout_sec: 180.0
Starting recording.
Sending keys: ['asciinema rec --stdin /logs/agent/recording.cast', 'Enter'] min_timeout_sec: 1.0 max_timeout_sec: 180.0
Sending keys: ['clear', 'Enter'] min_timeout_sec: 0.0 max_timeout_sec: 180.0
Sending keys: ['ls -la\n'] min_timeout_sec: 0.1 max_timeout_sec: 180.0
Sending keys: ["sed -n '1,240p' compressor.py\n"] min_timeout_sec: 0.1 max_timeout_sec: 180.0
Trajectory dumped to AI_grader\results\final_submission\rollouts\env02__vaihp5A\agent\trajectory.json
Trajectory dumped to AI_grader\results\final_submission\rollouts\env01__FveUSis\agent\trajectory.json
Trajectory dumped to AI_grader\results\final_submission\rollouts\env01__FveUSis\agent\trajectory.json
Collecting main service artifacts
Starting recording.
Sending keys: ['asciinema rec --stdin /logs/agent/recording.cast', 'Enter'] min_timeout_sec: 1.0 max_timeout_sec: 180.0
Sending keys: ['clear', 'Enter'] min_timeout_sec: 0.0 max_timeout_sec: 180.0
Sending keys: ['ls -la\n'] min_timeout_sec: 0.1 max_timeout_sec: 180.0
Sending keys: ['find . -maxdepth 3 -type f | sort\n'] min_timeout_sec: 0.1 max_timeout_sec: 180.0
Trajectory dumped to AI_grader\results\final_submission\rollouts\env03__HCtVQ7M\agent\trajectory.json
Sending keys: ['python3 - <<\'PY\'\nfrom pathlib import Path\np = Path(\'compressor.py\')\ns = p.read_text()\ns = s.replace(\'def compress_directory(target_dir: str) -> None:\\n\', \'def compress_directory(target_dir: str, ext: str = None) -> None:\\n\')\ns = s.replace(\'    Compresses all uncompressed files in target_dir using gzip.\\n\', \'    Compresses all uncompressed files in target_dir using gzip.\\n    If ext is provided, only files matching that extension are compressed.\\n\')\ns = s.replace(\'        if os.path.isfile(filepath) and not filepath.endswith(".gz"):\\n            run_cmd(f"gzip -k {filepath}")\\n\', \'        if os.path.isfile(filepath) and not filepath.endswith(".gz"):\\n            if ext and not (filename.endswith(f".{ext}") or filename.endswith(ext)):\\n                continue\\n            run_cmd(f"gzip -k {filepath}")\\n\')\ns = s.replace(\'    comp_parser.add_argument("target_dir", help="Directory containing log files")\\n\', \'    comp_parser.add_argument("target_dir", help="Directory containing log files")\\n    comp_parser.add_argument("--ext", help="Only compress files with this extension")\\n\')\ns = s.replace(\'        compress_directory(args.target_dir)\\n\', \'        compress_directory(args.target_dir, args.ext)\\n\')\np.write_text(s)\nPY\npython3 -m py_compile compressor.py\nsed -n \'1,220p\' compressor.py\n'] min_timeout_sec: 1.0 max_timeout_sec: 180.0
Trajectory dumped to AI_grader\results\final_submission\rollouts\env02__vaihp5A\agent\trajectory.json
Sending keys: ['ls -la\n'] min_timeout_sec: 0.1 max_timeout_sec: 180.0
Sending keys: ["sed -n '1,240p' report_gen.py\n"] min_timeout_sec: 0.1 max_timeout_sec: 180.0
Sending keys: ["sed -n '1,240p' transcoder.py\n"] min_timeout_sec: 0.1 max_timeout_sec: 180.0
Sending keys: ["printf '\\n--- md2html.py ---\\n'; sed -n '1,240p' md2html.py\n"] min_timeout_sec: 0.1 max_timeout_sec: 180.0
Sending keys: ["sed -n '1,240p' tests/test_transcoder.py\n"] min_timeout_sec: 0.1 max_timeout_sec: 180.0
Sending keys: ["printf '\\n--- tests ---\\n'; sed -n '1,260p' tests/test_report_gen.py\n"] min_timeout_sec: 0.1 max_timeout_sec: 180.0
Trajectory dumped to AI_grader\results\final_submission\rollouts\env04__B5xoEfG\agent\trajectory.json
Trajectory dumped to AI_grader\results\final_submission\rollouts\env03__HCtVQ7M\agent\trajectory.json
Skipping image OS validation for hb__e5276827ae5ec9329727c8810f8bd076: docker inspect returned 1
Sending keys: ["sed -n '1,240p' media_process.py\n"] min_timeout_sec: 0.1 max_timeout_sec: 180.0
Sending keys: ["sed -n '1,200p' utils/shell.py\n"] min_timeout_sec: 0.1 max_timeout_sec: 180.0
Trajectory dumped to AI_grader\results\final_submission\rollouts\env04__B5xoEfG\agent\trajectory.json
Installing: tmux, asciinema
Detected system: {'os': 'debian-based', 'package_manager': 'apt-get', 'update_command': None}
Installing tools using apt-get: DEBIAN_FRONTEND=noninteractive apt-get update && DEBIAN_FRONTEND=noninteractive apt-get install -y tmux asciinema
Sending keys: ['python3 - <<\'PY\'\nfrom pathlib import Path\np = Path(\'compressor.py\')\ns = p.read_text()\ns = s.replace(\'    for filename in os.listdir(target_dir):\\n\', \'    if ext and not ext.startswith("."):\\n        ext = f".{ext}"\\n\\n    for filename in os.listdir(target_dir):\\n\')\ns = s.replace(\'            if ext and not (filename.endswith(f".{ext}") or filename.endswith(ext)):\\n\', \'            if ext and not filename.endswith(ext):\\n\')\np.write_text(s)\nPY\npython3 -m py_compile compressor.py\nsed -n \'1,90p\' compressor.py\nrm -rf /tmp/compressor-test && mkdir -p /tmp/compressor-test/ext /tmp/compressor-test/all /tmp/compressor-test/dotext\nprintf \'a\' > /tmp/compressor-test/ext/app.log\nprintf \'b\' > /tmp/compressor-test/ext/app.txt\nprintf \'c\' > /tmp/compressor-test/ext/catalog\npython3 compressor.py compress /tmp/compressor-test/ext --ext log\nfind /tmp/compressor-test/ext -maxdepth 1 -type f -printf \'%f\\n\' | sort\nprintf \'a\' > /tmp/compressor-test/dotext/app.log\nprintf \'b\' > /tmp/compressor-test/dotext/app.txt\npython3 compressor.py compress /tmp/compressor-test/dotext --ext .log\nfind /tmp/compressor-test/dotext -maxdepth 1 -type f -printf \'%f\\n\' | sort\nprintf \'a\' > /tmp/compressor-test/all/a.log\nprintf \'b\' > /tmp/compressor-test/all/b.txt\npython3 compressor.py compress /tmp/compressor-test/all\nfind /tmp/compressor-test/all -maxdepth 1 -type f -printf \'%f\\n\' | sort\npython3 compressor.py status /tmp/compressor-test/all\npython3 compressor.py decompress /tmp/compressor-test/all/a.log.gz\n'] min_timeout_sec: 2.0 max_timeout_sec: 180.0
Sending keys: ['python3 - <<\'PY\'\nfrom pathlib import Path\np = Path(\'report_gen.py\')\ns = p.read_text()\ns = s.replace(\'import os\\nimport subprocess\\nimport sys\\n\', \'import os\\nimport shlex\\nimport subprocess\\nimport sys\\n\')\ns = s.replace(\'def render_document(input_file: str, output_file: str) -> None:\\n\', \'def render_document(input_file: str, output_file: str, title: str | None = None) -> None:\\n\')\ns = s.replace(\'    cmd = f"{sys.executable} {_CONVERTER} {input_file} {output_file}"\\n\', \'    cmd = f"{sys.executable} {_CONVERTER} {input_file} {output_file}"\\n    if title is not None:\\n        cmd += f" --title {shlex.quote(title)}"\\n\')\ns = s.replace(\'    render_p.add_argument("output_file", help="Destination HTML file")\\n\', \'    render_p.add_argument("output_file", help="Destination HTML file")\\n    render_p.add_argument("--title", help="Report title")\\n\')\ns = s.replace(\'        render_document(args.input_file, args.output_file)\\n\', \'        render_document(args.input_file, args.output_file, title=args.title)\\n\')\np.write_text(s)\nPY\n'] min_timeout_sec: 0.1 max_timeout_sec: 180.0
Sending keys: ["sed -n '1,220p' report_gen.py\n"] min_timeout_sec: 0.1 max_timeout_sec: 180.0
Sending keys: ['pytest -q\n'] min_timeout_sec: 5.0 max_timeout_sec: 180.0
Trajectory dumped to AI_grader\results\final_submission\rollouts\env02__vaihp5A\agent\trajectory.json
Sending keys: ['python3 - <<\'PY\'\nfrom pathlib import Path\np = Path(\'transcoder.py\')\ns = p.read_text()\ns = s.replace(\'    cmd = f"{sys.executable} {_HELPER} transcode {input_file} {output_file}"\\n    result = run_cmd(cmd)\\n\', \'    cmd = f"{sys.executable} {_HELPER} transcode {input_file} {output_file}"\\n    if scale:\\n        cmd += f" --scale {scale}"\\n    result = run_cmd(cmd)\\n\')\ns = s.replace(\'    trans_p.add_argument("output_file", help="Target media file")\\n\', \'    trans_p.add_argument("output_file", help="Target media file")\\n    trans_p.add_argument("--scale", default=None, help="Scale output resolution as width:height")\\n\')\np.write_text(s)\nPY\n'] min_timeout_sec: 0.1 max_timeout_sec: 180.0
Sending keys: ["sed -n '1,120p' transcoder.py\n"] min_timeout_sec: 0.1 max_timeout_sec: 180.0
Sending keys: ['pytest -q\n'] min_timeout_sec: 2.0 max_timeout_sec: 180.0
Trajectory dumped to AI_grader\results\final_submission\rollouts\env04__B5xoEfG\agent\trajectory.json
Trajectory dumped to AI_grader\results\final_submission\rollouts\env03__HCtVQ7M\agent\trajectory.json
Sending keys: ['ls -la tests\n'] min_timeout_sec: 0.1 max_timeout_sec: 180.0
Sending keys: ['python3 -m pytest -q\n'] min_timeout_sec: 10.0 max_timeout_sec: 180.0
Sending keys: ['python3 -c "import sys; print(sys.path[:3]); import transcoder; print(transcoder.__file__)"\n'] min_timeout_sec: 0.1 max_timeout_sec: 180.0
Starting recording.
Sending keys: ['asciinema rec --stdin /logs/agent/recording.cast', 'Enter'] min_timeout_sec: 1.0 max_timeout_sec: 180.0
Sending keys: ['PYTHONPATH=. pytest -q\n'] min_timeout_sec: 2.0 max_timeout_sec: 180.0
Sending keys: ['clear', 'Enter'] min_timeout_sec: 0.0 max_timeout_sec: 180.0
Trajectory dumped to AI_grader\results\final_submission\rollouts\env04__B5xoEfG\agent\trajectory.json
Sending keys: ["pwd; python3 - <<'PY'\nimport sys\nprint(sys.path[:5])\nimport report_gen\nprint(report_gen.__file__)\nPY\n"] min_timeout_sec: 0.1 max_timeout_sec: 180.0
Sending keys: ['PYTHONPATH=. pytest -q\n'] min_timeout_sec: 5.0 max_timeout_sec: 180.0
Sending keys: ["sed -n '1,240p' db_dumper.py\n"] min_timeout_sec: 0.1 max_timeout_sec: 180.0
Trajectory dumped to AI_grader\results\final_submission\rollouts\env04__B5xoEfG\agent\trajectory.json
Trajectory dumped to AI_grader\results\final_submission\rollouts\env05__QHhNZsb\agent\trajectory.json
Sending keys: ['tmpdir=$(mktemp -d); printf \'# A\\nBody\\n\' > "$tmpdir/in.md"; python3 report_gen.py render "$tmpdir/in.md" "$tmpdir/out.html" --title "Quarterly Review"; grep -E \'<title>Quarterly Review</title>|<h1>Quarterly Review</h1>\' "$tmpdir/out.html"; python3 report_gen.py validate "$tmpdir/in.md"; rm -rf "$tmpdir"\n'] min_timeout_sec: 1.0 max_timeout_sec: 180.0
Sending keys: ['git diff -- compressor.py\n'] min_timeout_sec: 0.1 max_timeout_sec: 180.0
Trajectory dumped to AI_grader\results\final_submission\rollouts\env03__HCtVQ7M\agent\trajectory.json
Trajectory dumped to AI_grader\results\final_submission\rollouts\env02__vaihp5A\agent\trajectory.json
Sending keys: ['python3 -m pytest -q\n'] min_timeout_sec: 2.0 max_timeout_sec: 180.0
Trajectory dumped to AI_grader\results\final_submission\rollouts\env04__B5xoEfG\agent\trajectory.json
Trajectory dumped to AI_grader\results\final_submission\rollouts\env03__HCtVQ7M\agent\trajectory.json
Trajectory dumped to AI_grader\results\final_submission\rollouts\env02__vaihp5A\agent\trajectory.json
Trajectory dumped to AI_grader\results\final_submission\rollouts\env04__B5xoEfG\agent\trajectory.json
Trajectory dumped to AI_grader\results\final_submission\rollouts\env02__vaihp5A\agent\trajectory.json
Trajectory dumped to AI_grader\results\final_submission\rollouts\env02__vaihp5A\agent\trajectory.json
Collecting main service artifacts
Trajectory dumped to AI_grader\results\final_submission\rollouts\env04__B5xoEfG\agent\trajectory.json
Trajectory dumped to AI_grader\results\final_submission\rollouts\env04__B5xoEfG\agent\trajectory.json
Collecting main service artifacts
Sending keys: ['pytest -q\n'] min_timeout_sec: 5.0 max_timeout_sec: 180.0
Sending keys: ['python3 - <<\'PY\'\nfrom pathlib import Path\npath = Path(\'db_dumper.py\')\ns = path.read_text()\ns = s.replace(\'\'\'def dump_database(db_path: str, output_path: str, table: str | None = None) -> None:\\n    """\\n    Dumps all SQL statements and table contents to output_path.\\n    Uses Python sqlite3 for full database dumps (all tables).\\n    """\\n    if not os.path.exists(db_path):\\n        raise FileNotFoundError(f"Database \\\'{db_path}\\\' not found.")\\n\\n    conn = sqlite3.connect(db_path)\\n    with open(output_path, "w") as f:\\n        for line in conn.iterdump():\\n            f.write(f"{line}\\\\n")\\n    conn.close()\\n\'\'\', \'\'\'def _quote_identifier(name: str) -> str:\\n    return \'"\' + name.replace(\'"\', \'""\') + \'"\'\\n\\n\\ndef _quote_value(value):\\n    if value is None:\\n        return "NULL"\\n    if isinstance(value, bytes):\\n        return "X\'" + value.hex() + "\'"\\n    if isinstance(value, str):\\n        return "\'" + value.replace("\'", "\'\'") + "\'"\\n    return str(value)\\n\\n\\ndef dump_database(db_path: str, output_path: str, table: str | None = None) -> None:\\n    """\\n    Dumps all SQL statements and table contents to output_path.\\n    Uses Python sqlite3 for full database dumps (all tables).\\n    """\\n    if not os.path.exists(db_path):\\n        raise FileNotFoundError(f"Database \'{db_path}\' not found.")\\n\\n    conn = sqlite3.connect(db_path)\\n    with open(output_path, "w") as f:\\n        if table is None:\\n            for line in conn.iterdump():\\n                f.write(f"{line}\\\\n")\\n        else:\\n            cur = conn.cursor()\\n            cur.execute("SELECT sql FROM sqlite_master WHERE type=\'table\' AND name=?", (table,))\\n            row = cur.fetchone()\\n            if row is None:\\n                conn.close()\\n                raise ValueError(f"Table \'{table}\' not found.")\\n\\n            f.write("BEGIN TRANSACTION;\\\\n")\\n            f.write(f"{row[0]};\\\\n")\\n            table_name = _quote_identifier(table)\\n            for record in cur.execute(f"SELECT * FROM {table_name}"):\\n                values = ",".join(_quote_value(value) for value in record)\\n                f.write(f"INSERT INTO {table_name} VALUES({values});\\\\n")\\n            f.write("COMMIT;\\\\n")\\n    conn.close()\\n\'\'\')\ns = s.replace(\'\'\'    dump_p.add_argument("db_path", help="Path to SQLite DB")\\n    dump_p.add_argument("output_path", help="Output SQL dump file")\\n\'\'\', \'\'\'    dump_p.add_argument("db_path", help="Path to SQLite DB")\\n    dump_p.add_argument("output_path", help="Output SQL dump file")\\n    dump_p.add_argument("--table", help="Dump only the specified table")\\n\'\'\')\npath.write_text(s)\nPY\npython3 -m py_compile db_dumper.py\n'] min_timeout_sec: 1.0 max_timeout_sec: 180.0
Trajectory dumped to AI_grader\results\final_submission\rollouts\env05__QHhNZsb\agent\trajectory.json
Skipping image OS validation for hb__ad69dadd88fb090de5dc4fc7b2313c43: docker inspect returned 1
Skipping image OS validation for hb__20edb5e1092aa3a8393aaed7d2758dbf: docker inspect returned 1
Trajectory dumped to AI_grader\results\final_submission\rollouts\env03__HCtVQ7M\agent\trajectory.json
Installing: tmux, asciinema
Installing: tmux, asciinema
Detected system: {'os': 'debian-based', 'package_manager': 'apt-get', 'update_command': None}
Installing tools using apt-get: DEBIAN_FRONTEND=noninteractive apt-get update && DEBIAN_FRONTEND=noninteractive apt-get install -y tmux asciinema
Detected system: {'os': 'debian-based', 'package_manager': 'apt-get', 'update_command': None}
Installing tools using apt-get: DEBIAN_FRONTEND=noninteractive apt-get update && DEBIAN_FRONTEND=noninteractive apt-get install -y tmux asciinema
Sending keys: ["sed -n '1,220p' db_dumper.py\n"] min_timeout_sec: 0.1 max_timeout_sec: 180.0
Sending keys: ['rm -f /tmp/db_dumper_test.db /tmp/db_dumper_all.sql /tmp/db_dumper_alpha.sql\npython3 - <<\'PY\'\nimport sqlite3\nconn = sqlite3.connect(\'/tmp/db_dumper_test.db\')\ncur = conn.cursor()\ncur.execute(\'CREATE TABLE alpha (id INTEGER PRIMARY KEY, name TEXT, data BLOB)\')\ncur.execute(\'CREATE TABLE beta (id INTEGER PRIMARY KEY, note TEXT)\')\ncur.execute(\'INSERT INTO alpha (name, data) VALUES (?, ?)\', ("O\'Reilly", b\'abc\'))\ncur.execute(\'INSERT INTO beta (note) VALUES (?)\', (\'should not appear\',))\nconn.commit()\nconn.close()\nPY\npython3 db_dumper.py dump /tmp/db_dumper_test.db /tmp/db_dumper_all.sql\npython3 db_dumper.py dump /tmp/db_dumper_test.db /tmp/db_dumper_alpha.sql --table alpha\npython3 db_dumper.py tables /tmp/db_dumper_test.db\nprintf \'\\n--- all ---\\n\'; cat /tmp/db_dumper_all.sql\nprintf \'\\n--- alpha ---\\n\'; cat /tmp/db_dumper_alpha.sql\n'] min_timeout_sec: 1.0 max_timeout_sec: 180.0
Trajectory dumped to AI_grader\results\final_submission\rollouts\env05__QHhNZsb\agent\trajectory.json
Starting recording.
Sending keys: ['asciinema rec --stdin /logs/agent/recording.cast', 'Enter'] min_timeout_sec: 1.0 max_timeout_sec: 180.0
Sending keys: ['clear', 'Enter'] min_timeout_sec: 0.0 max_timeout_sec: 180.0
Sending keys: ["python3 - <<'PY'\nfrom pathlib import Path\np = Path('report_gen.py')\ns = p.read_text()\ns = s.replace('def render_document(input_file: str, output_file: str, title: str | None = None) -> None:', 'def render_document(input_file: str, output_file: str, title=None) -> None:')\np.write_text(s)\nPY\n"] min_timeout_sec: 0.1 max_timeout_sec: 180.0
Sending keys: ["cat > pytest.ini <<'EOF'\n[pytest]\npythonpath = .\nEOF\n"] min_timeout_sec: 0.1 max_timeout_sec: 180.0
Sending keys: ['pytest -q\n'] min_timeout_sec: 5.0 max_timeout_sec: 180.0
Starting recording.
Sending keys: ['asciinema rec --stdin /logs/agent/recording.cast', 'Enter'] min_timeout_sec: 1.0 max_timeout_sec: 180.0
Sending keys: ['clear', 'Enter'] min_timeout_sec: 0.0 max_timeout_sec: 180.0
Sending keys: ['ls -la\n'] min_timeout_sec: 0.1 max_timeout_sec: 180.0
Sending keys: ["sed -n '1,240p' audit_viewer.py\n"] min_timeout_sec: 0.1 max_timeout_sec: 180.0
Sending keys: ["sed -n '1,240p' tests/test_audit.py\n"] min_timeout_sec: 0.1 max_timeout_sec: 180.0
Sending keys: ['tmpdir=$(mktemp -d); printf \'# A\\nBody\\n\' > "$tmpdir/in.md"; python3 report_gen.py render "$tmpdir/in.md" "$tmpdir/out.html" --title "Quarterly Review"; grep -E \'<title>Quarterly Review</title>|<h1>Quarterly Review</h1>\' "$tmpdir/out.html"; python3 report_gen.py validate "$tmpdir/in.md"; rm -rf "$tmpdir"\n'] min_timeout_sec: 1.0 max_timeout_sec: 180.0
Trajectory dumped to AI_grader\results\final_submission\rollouts\env07__r6rbQko\agent\trajectory.json
Trajectory dumped to AI_grader\results\final_submission\rollouts\env03__HCtVQ7M\agent\trajectory.json
Sending keys: ['ls -la\n'] min_timeout_sec: 0.1 max_timeout_sec: 180.0
Sending keys: ["sed -n '1,240p' product_search.py\n"] min_timeout_sec: 0.1 max_timeout_sec: 180.0
Sending keys: ["sed -n '1,240p' tests/test_search.py\n"] min_timeout_sec: 0.1 max_timeout_sec: 180.0
Trajectory dumped to AI_grader\results\final_submission\rollouts\env06__KnQHbZh\agent\trajectory.json
Trajectory dumped to AI_grader\results\final_submission\rollouts\env03__HCtVQ7M\agent\trajectory.json
Sending keys: ['python3 - <<\'PY\'\nfrom pathlib import Path\npath = Path(\'audit_viewer.py\')\ntext = path.read_text()\ntext = text.replace(\'\'\'    if min_id is not None:\\n        conditions.append(f"id >= {min_id}")\\n\\n    sql = _build_event_query(base, conditions)\\n\'\'\', \'\'\'    if min_id is not None:\\n        conditions.append(f"id >= {min_id}")\\n    if user:\\n        conditions.append(f"user = \'{user}\'")\\n\\n    sql = _build_event_query(base, conditions)\\n\'\'\')\ntext = text.replace(\'\'\'    event_p.add_argument("--min-id", type=int, default=None, help="Minimum event ID")\\n\\n    subparsers.add_parser("summary", help="Show audit severity summary")\\n\'\'\', \'\'\'    event_p.add_argument("--min-id", type=int, default=None, help="Minimum event ID")\\n    event_p.add_argument("--user", default=None, help="Filter by username")\\n\\n    subparsers.add_parser("summary", help="Show audit severity summary")\\n\'\'\')\npath.write_text(text)\nPY\n'] min_timeout_sec: 0.1 max_timeout_sec: 180.0
Sending keys: ['pytest -q\n'] min_timeout_sec: 5.0 max_timeout_sec: 180.0
Trajectory dumped to AI_grader\results\final_submission\rollouts\env03__HCtVQ7M\agent\trajectory.json
Trajectory dumped to AI_grader\results\final_submission\rollouts\env03__HCtVQ7M\agent\trajectory.json
Collecting main service artifacts
Sending keys: ['python3 - <<\'PY\'\nfrom pathlib import Path\npath = Path(\'product_search.py\')\ntext = path.read_text()\ntext = text.replace(\'\'\'    if min_price is not None:\\n        conditions.append(f"price >= {min_price}")\\n\\n    sql = _build_product_query(base, conditions)\\n\'\'\', \'\'\'    if min_price is not None:\\n        conditions.append(f"price >= {min_price}")\\n    if category:\\n        conditions.append(f"category = \'{category}\'")\\n\\n    sql = _build_product_query(base, conditions)\\n\'\'\')\ntext = text.replace(\'\'\'    search_p.add_argument("--min-price", type=float, default=None, help="Minimum product price")\\n\\n    list_p = subparsers.add_parser("list", help="List all active products")\\n\'\'\', \'\'\'    search_p.add_argument("--min-price", type=float, default=None, help="Minimum product price")\\n    search_p.add_argument("--category", help="Only show items in this category")\\n\\n    list_p = subparsers.add_parser("list", help="List all active products")\\n\'\'\')\npath.write_text(text)\nPY\n'] min_timeout_sec: 0.1 max_timeout_sec: 180.0
Sending keys: ['apply_patch <<\'PATCH\'\n*** Begin Patch\n*** Update File: db_dumper.py\n@@\n-    conn = sqlite3.connect(db_path)\n-    with open(output_path, "w") as f:\n-        for line in conn.iterdump():\n-            f.write(f"{line}\\n")\n-    conn.close()\n+    conn = sqlite3.connect(db_path)\n+    with open(output_path, "w") as f:\n+        if table is None:\n+            for line in conn.iterdump():\n+                f.write(f"{line}\\n")\n+        else:\n+            cur = conn.cursor()\n+            cur.execute("SELECT sql FROM sqlite_master WHERE type=\'table\' AND name=?", (table,))\n+            row = cur.fetchone()\n+            if row is None:\n+                conn.close()\n+                raise ValueError(f"Table \'{table}\' not found.")\n+\n+            quoted_table = \'"\' + table.replace(\'"\', \'""\') + \'"\'\n+            f.write("BEGIN TRANSACTION;\\n")\n+            f.write(f"{row[0]};\\n")\n+            insert_prefix = f"INSERT INTO {quoted_table} "\n+            for line in conn.iterdump():\n+                if line.startswith(insert_prefix):\n+                    f.write(f"{line}\\n")\n+            f.write("COMMIT;\\n")\n+    conn.close()\n*** End Patch\npython3 -m py_compile db_dumper.py\n'] min_timeout_sec: 1.0 max_timeout_sec: 180.0
Sending keys: ['grep -n "category\\|min-price" product_search.py\n'] min_timeout_sec: 0.1 max_timeout_sec: 180.0
Sending keys: ['pytest -q\n'] min_timeout_sec: 3.0 max_timeout_sec: 180.0
Sending keys: ['rm -f /tmp/db_dumper_test.db /tmp/db_dumper_all.sql /tmp/db_dumper_alpha.sql\npython3 - <<\'PY\'\nimport sqlite3\nconn = sqlite3.connect(\'/tmp/db_dumper_test.db\')\ncur = conn.cursor()\ncur.execute(\'CREATE TABLE alpha (id INTEGER PRIMARY KEY, name TEXT, data BLOB)\')\ncur.execute(\'CREATE TABLE beta (id INTEGER PRIMARY KEY, note TEXT)\')\ncur.execute(\'INSERT INTO alpha (name, data) VALUES (?, ?)\', ("O\'Reilly", b\'abc\'))\ncur.execute(\'INSERT INTO beta (note) VALUES (?)\', (\'should not appear\',))\nconn.commit()\nconn.close()\nPY\npython3 db_dumper.py dump /tmp/db_dumper_test.db /tmp/db_dumper_all.sql\npython3 db_dumper.py dump /tmp/db_dumper_test.db /tmp/db_dumper_alpha.sql --table alpha\npython3 db_dumper.py tables /tmp/db_dumper_test.db\nprintf \'\\n--- all ---\\n\'; cat /tmp/db_dumper_all.sql\nprintf \'\\n--- alpha ---\\n\'; cat /tmp/db_dumper_alpha.sql\n'] min_timeout_sec: 1.0 max_timeout_sec: 180.0
Sending keys: ['python3 audit_viewer.py events LOGIN --user alice\n'] min_timeout_sec: 0.5 max_timeout_sec: 180.0
Trajectory dumped to AI_grader\results\final_submission\rollouts\env05__QHhNZsb\agent\trajectory.json
Trajectory dumped to AI_grader\results\final_submission\rollouts\env07__r6rbQko\agent\trajectory.json
Trajectory dumped to AI_grader\results\final_submission\rollouts\env06__KnQHbZh\agent\trajectory.json
Trajectory dumped to AI_grader\results\final_submission\rollouts\env07__r6rbQko\agent\trajectory.json
Skipping image OS validation for hb__da6e0a7dfe5b53c34e19c6a8b556beba: docker inspect returned 1
Sending keys: ['PATCH\n'] min_timeout_sec: 1.0 max_timeout_sec: 180.0
Trajectory dumped to AI_grader\results\final_submission\rollouts\env06__KnQHbZh\agent\trajectory.json
Sending keys: ["sed -n '1,120p' db_dumper.py\npython3 -m py_compile db_dumper.py\n"] min_timeout_sec: 1.0 max_timeout_sec: 180.0
Trajectory dumped to AI_grader\results\final_submission\rollouts\env05__QHhNZsb\agent\trajectory.json
Installing: tmux, asciinema
Detected system: {'os': 'debian-based', 'package_manager': 'apt-get', 'update_command': None}
Installing tools using apt-get: DEBIAN_FRONTEND=noninteractive apt-get update && DEBIAN_FRONTEND=noninteractive apt-get install -y tmux asciinema
Trajectory dumped to AI_grader\results\final_submission\rollouts\env07__r6rbQko\agent\trajectory.json
Trajectory dumped to AI_grader\results\final_submission\rollouts\env07__r6rbQko\agent\trajectory.json
Collecting main service artifacts
Trajectory dumped to AI_grader\results\final_submission\rollouts\env06__KnQHbZh\agent\trajectory.json
Trajectory dumped to AI_grader\results\final_submission\rollouts\env06__KnQHbZh\agent\trajectory.json
Collecting main service artifacts
Skipping image OS validation for hb__f088415250d6db31c0e76089c6af96e4: docker inspect returned 1
Sending keys: ['python3 - <<\'PY\'\nfrom pathlib import Path\npath = Path(\'db_dumper.py\')\ns = path.read_text()\nold = \'\'\'    conn = sqlite3.connect(db_path)\n    with open(output_path, "w") as f:\n        for line in conn.iterdump():\n            f.write(f"{line}\\\\n")\n    conn.close()\n\'\'\'\nnew = \'\'\'    conn = sqlite3.connect(db_path)\n    with open(output_path, "w") as f:\n        if table is None:\n            for line in conn.iterdump():\n                f.write(f"{line}\\\\n")\n        else:\n            cur = conn.cursor()\n            cur.execute("SELECT sql FROM sqlite_master WHERE type=\'table\' AND name=?", (table,))\n            row = cur.fetchone()\n            if row is None:\n                conn.close()\n                raise ValueError(f"Table \'{table}\' not found.")\n\n            quoted_table = \'"\' + table.replace(\'"\', \'""\') + \'"\'\n            f.write("BEGIN TRANSACTION;\\\\n")\n            f.write(f"{row[0]};\\\\n")\n            insert_prefix = f"INSERT INTO {quoted_table} "\n            for line in conn.iterdump():\n                if line.startswith(insert_prefix):\n                    f.write(f"{line}\\\\n")\n            f.write("COMMIT;\\\\n")\n    conn.close()\n\'\'\'\nif old not in s:\n    raise SystemExit(\'target block not found\')\npath.write_text(s.replace(old, new, 1))\nPY\npython3 -m py_compile db_dumper.py\nsed -n \'1,90p\' db_dumper.py\n'] min_timeout_sec: 1.0 max_timeout_sec: 180.0
Sending keys: ['rm -f /tmp/db_dumper_test.db /tmp/db_dumper_all.sql /tmp/db_dumper_alpha.sql\npython3 - <<\'PY\'\nimport sqlite3\nconn = sqlite3.connect(\'/tmp/db_dumper_test.db\')\ncur = conn.cursor()\ncur.execute(\'CREATE TABLE alpha (id INTEGER PRIMARY KEY, name TEXT, data BLOB)\')\ncur.execute(\'CREATE TABLE beta (id INTEGER PRIMARY KEY, note TEXT)\')\ncur.execute(\'INSERT INTO alpha (name, data) VALUES (?, ?)\', ("O\'Reilly", b\'abc\'))\ncur.execute(\'INSERT INTO beta (note) VALUES (?)\', (\'should not appear\',))\nconn.commit()\nconn.close()\nPY\npython3 db_dumper.py dump /tmp/db_dumper_test.db /tmp/db_dumper_all.sql\npython3 db_dumper.py dump /tmp/db_dumper_test.db /tmp/db_dumper_alpha.sql --table alpha\npython3 db_dumper.py tables /tmp/db_dumper_test.db\nprintf \'\\n--- all ---\\n\'; cat /tmp/db_dumper_all.sql\nprintf \'\\n--- alpha ---\\n\'; cat /tmp/db_dumper_alpha.sql\n'] min_timeout_sec: 1.0 max_timeout_sec: 180.0
Skipping image OS validation for hb__25d8bdb0d2275b7555fecd81bb556eca: docker inspect returned 1
Trajectory dumped to AI_grader\results\final_submission\rollouts\env05__QHhNZsb\agent\trajectory.json
Starting recording.
Sending keys: ['asciinema rec --stdin /logs/agent/recording.cast', 'Enter'] min_timeout_sec: 1.0 max_timeout_sec: 180.0
Sending keys: ['clear', 'Enter'] min_timeout_sec: 0.0 max_timeout_sec: 180.0
Installing: tmux, asciinema
Detected system: {'os': 'debian-based', 'package_manager': 'apt-get', 'update_command': None}
Installing tools using apt-get: DEBIAN_FRONTEND=noninteractive apt-get update && DEBIAN_FRONTEND=noninteractive apt-get install -y tmux asciinema
Installing: tmux, asciinema
Detected system: {'os': 'debian-based', 'package_manager': 'apt-get', 'update_command': None}
Installing tools using apt-get: DEBIAN_FRONTEND=noninteractive apt-get update && DEBIAN_FRONTEND=noninteractive apt-get install -y tmux asciinema
Sending keys: ['ls -la\n'] min_timeout_sec: 0.1 max_timeout_sec: 180.0
Sending keys: ["sed -n '1,240p' billing_query.py\n"] min_timeout_sec: 0.1 max_timeout_sec: 180.0
Sending keys: ["sed -n '1,260p' db/billing_db.py\n"] min_timeout_sec: 0.1 max_timeout_sec: 180.0
Sending keys: ["sed -n '1,260p' tests/test_billing.py\n"] min_timeout_sec: 0.1 max_timeout_sec: 180.0
Trajectory dumped to AI_grader\results\final_submission\rollouts\env08__MDMcumR\agent\trajectory.json
Trajectory dumped to AI_grader\results\final_submission\rollouts\env05__QHhNZsb\agent\trajectory.json
Sending keys: ['python3 - <<\'PY\'\nfrom pathlib import Path\np = Path(\'billing_query.py\')\ns = p.read_text()\ns = s.replace(\'    inv_p.add_argument("account_id", help="Account ID")\\n\', \'    inv_p.add_argument("account_id", help="Account ID")\\n    inv_p.add_argument("--status", help="Invoice status")\\n\')\np.write_text(s)\n\np = Path(\'db/billing_db.py\')\ns = p.read_text()\ns = s.replace(\'    if due_before:\\n        conditions.append(f"due_date <= \\\'{due_before}\\\'")\\n\\n    sql = _build_invoice_query(base, conditions)\\n\', \'    if due_before:\\n        conditions.append(f"due_date <= \\\'{due_before}\\\'")\\n    if status:\\n        conditions.append(f"status = \\\'{status}\\\'")\\n\\n    sql = _build_invoice_query(base, conditions)\\n\')\np.write_text(s)\nPY\n'] min_timeout_sec: 0.1 max_timeout_sec: 180.0
Sending keys: ['git diff -- billing_query.py db/billing_db.py\n'] min_timeout_sec: 0.1 max_timeout_sec: 180.0
Sending keys: ['pytest -q\n'] min_timeout_sec: 5.0 max_timeout_sec: 180.0
Starting recording.
Sending keys: ['asciinema rec --stdin /logs/agent/recording.cast', 'Enter'] min_timeout_sec: 1.0 max_timeout_sec: 180.0
Sending keys: ['clear', 'Enter'] min_timeout_sec: 0.0 max_timeout_sec: 180.0
Starting recording.
Sending keys: ['asciinema rec --stdin /logs/agent/recording.cast', 'Enter'] min_timeout_sec: 1.0 max_timeout_sec: 180.0
Sending keys: ['clear', 'Enter'] min_timeout_sec: 0.0 max_timeout_sec: 180.0
Sending keys: ['python3 billing_query.py invoices ACC100\npython3 billing_query.py invoices ACC100 --status PAID\n'] min_timeout_sec: 1.0 max_timeout_sec: 180.0
Trajectory dumped to AI_grader\results\final_submission\rollouts\env08__MDMcumR\agent\trajectory.json
Sending keys: ['ls -la\n'] min_timeout_sec: 0.1 max_timeout_sec: 180.0
Sending keys: ["sed -n '1,240p' inventory_cli.py\n"] min_timeout_sec: 0.1 max_timeout_sec: 180.0
Sending keys: ["sed -n '1,240p' tests/test_inventory.py\n"] min_timeout_sec: 0.1 max_timeout_sec: 180.0
Trajectory dumped to AI_grader\results\final_submission\rollouts\env09__qCvCNwo\agent\trajectory.json
Sending keys: ['ls -la\n'] min_timeout_sec: 0.1 max_timeout_sec: 180.0
Sending keys: ["sed -n '1,240p' notify_filter.py\n"] min_timeout_sec: 0.1 max_timeout_sec: 180.0
Sending keys: ["sed -n '1,260p' tests/test_notify.py\n"] min_timeout_sec: 0.1 max_timeout_sec: 180.0
Trajectory dumped to AI_grader\results\final_submission\rollouts\env10__Yp6oQP3\agent\trajectory.json
Trajectory dumped to AI_grader\results\final_submission\rollouts\env08__MDMcumR\agent\trajectory.json
Trajectory dumped to AI_grader\results\final_submission\rollouts\env05__QHhNZsb\agent\trajectory.json
Trajectory dumped to AI_grader\results\final_submission\rollouts\env05__QHhNZsb\agent\trajectory.json
Collecting main service artifacts
Trajectory dumped to AI_grader\results\final_submission\rollouts\env08__MDMcumR\agent\trajectory.json
Trajectory dumped to AI_grader\results\final_submission\rollouts\env08__MDMcumR\agent\trajectory.json
Collecting main service artifacts
Sending keys: ['python3 - <<\'PY\'\nfrom pathlib import Path\np = Path(\'inventory_cli.py\')\ns = p.read_text()\ns = s.replace(\'def lookup_stock(sku: str) -> list[dict]:\\n\', \'def lookup_stock(sku: str, sort_by: str | None = None) -> list[dict]:\\n\')\ns = s.replace(\'\'\'    sql = _build_inventory_query(base)\\n    cursor.execute(sql)\\n\'\'\', \'\'\'    sort_clause = None\\n    if sort_by:\\n        sort_fields = {\\n            "quantity": "quantity ASC",\\n            "aisle": "aisle ASC",\\n            "warehouse": "warehouse_id ASC",\\n        }\\n        sort_clause = sort_fields[sort_by]\\n\\n    sql = _build_inventory_query(base, sort_clause)\\n    cursor.execute(sql, params)\\n\'\'\')\ns = s.replace(\'\'\'    look_p = subparsers.add_parser("lookup", help="Look up stock by SKU")\\n    look_p.add_argument("sku", help="Product SKU")\\n\'\'\', \'\'\'    look_p = subparsers.add_parser("lookup", help="Look up stock by SKU")\\n    look_p.add_argument("sku", help="Product SKU")\\n    look_p.add_argument("--sort", choices=["quantity", "aisle", "warehouse"], help="Sort lookup results")\\n\'\'\')\ns = s.replace(\'\'\'    if args.command == "lookup":\\n        items = lookup_stock(args.sku)\\n\'\'\', \'\'\'    if args.command == "lookup":\\n        items = lookup_stock(args.sku, sort_by=args.sort)\\n\'\'\')\np.write_text(s)\nPY\n'] min_timeout_sec: 0.1 max_timeout_sec: 180.0
Sending keys: ['pytest -q\n'] min_timeout_sec: 2.0 max_timeout_sec: 180.0
Sending keys: ['python3 - <<\'PY\'\nfrom pathlib import Path\npath = Path(\'notify_filter.py\')\ntext = path.read_text()\ntext = text.replace(\n"    if recipient:\\n        conditions.append(f\\"recipient = \'{recipient}\'\\")\\n    if min_id is not None:\\n",\n"    if recipient:\\n        conditions.append(f\\"recipient = \'{recipient}\'\\")\\n    if channel:\\n        conditions.append(f\\"channel = \'{channel}\'\\")\\n    if min_id is not None:\\n",\n)\ntext = text.replace(\n"    msg_p.add_argument(\\"recipient\\", help=\\"Recipient ID\\")\\n    msg_p.add_argument(\\"--min-id\\", type=int, default=None, help=\\"Filter by minimum message ID\\")\\n",\n"    msg_p.add_argument(\\"recipient\\", help=\\"Recipient ID\\")\\n    msg_p.add_argument(\\"--channel\\", default=None, help=\\"Filter by channel\\")\\n    msg_p.add_argument(\\"--min-id\\", type=int, default=None, help=\\"Filter by minimum message ID\\")\\n",\n)\npath.write_text(text)\nPY\n'] min_timeout_sec: 0.1 max_timeout_sec: 180.0
Sending keys: ['git diff -- notify_filter.py || true\n'] min_timeout_sec: 0.1 max_timeout_sec: 180.0
Sending keys: ['pytest -q\n'] min_timeout_sec: 2.0 max_timeout_sec: 180.0
Sending keys: ['python3 inventory_cli.py lookup SKU-100 --sort quantity\npython3 inventory_cli.py lookup SKU-100 --sort aisle\npython3 inventory_cli.py lookup SKU-100 --sort warehouse\npython3 inventory_cli.py facilities\npython3 inventory_cli.py reorder --threshold 20\n'] min_timeout_sec: 1.0 max_timeout_sec: 180.0
Sending keys: ['python3 notify_filter.py messages user101 --channel email\n'] min_timeout_sec: 0.2 max_timeout_sec: 180.0
Trajectory dumped to AI_grader\results\final_submission\rollouts\env09__qCvCNwo\agent\trajectory.json
Sending keys: ['python3 notify_filter.py channels\n'] min_timeout_sec: 0.2 max_timeout_sec: 180.0
Sending keys: ['python3 notify_filter.py stats\n'] min_timeout_sec: 0.2 max_timeout_sec: 180.0
Trajectory dumped to AI_grader\results\final_submission\rollouts\env10__Yp6oQP3\agent\trajectory.json
Trajectory dumped to AI_grader\results\final_submission\rollouts\env09__qCvCNwo\agent\trajectory.json
Trajectory dumped to AI_grader\results\final_submission\rollouts\env10__Yp6oQP3\agent\trajectory.json
Trajectory dumped to AI_grader\results\final_submission\rollouts\env09__qCvCNwo\agent\trajectory.json
Trajectory dumped to AI_grader\results\final_submission\rollouts\env09__qCvCNwo\agent\trajectory.json
Collecting main service artifacts
Trajectory dumped to AI_grader\results\final_submission\rollouts\env10__Yp6oQP3\agent\trajectory.json
Trajectory dumped to AI_grader\results\final_submission\rollouts\env10__Yp6oQP3\agent\trajectory.json
Collecting main service artifacts
